,NAME,TYPE,QUANTITY,UNIT,MSMT,RCP_ID
1,고구마,고구마죽,100,g,2/3개,1
2,설탕,고구마죽,2,g,1/3작은술,1
3,찹쌀가루,고구마죽,3,g,2/3작은술,1
4,물,고구마죽,200,ml,1컵,1
5,잣,고구마죽,8,g,8알,1
6,애호박,채소준비,30,g,1/6개,2
7,표고버섯,채소준비,20,g,2개,2
8,당근,채소준비,5,g,3×2×1cm,2
9,누룽지,누룽지 죽,70,g,1/3컵,2
10,순두부,누룽지 죽,100,g,1/4모,2
11,달걀,누룽지 죽,50,g,1개,2
12,참기름,누룽지 죽,3,g,2/3작은술,2
13,소금,누룽지 죽,약간,,,2
14,참깨,누룽지 죽,약간,,,2
15,흰 후추,누룽지 죽,약간,,,2
16,식초,배합초,20,g,1⅓큰술,3
17,설탕,배합초,10,g,2작은술,3
18,소금,배합초,약간,,,3
19,달걀노른자,오색지라시,40,g,달걀2개,3
20,표고버섯,오색지라시,10,g,1장,3
21,새송이버섯,오색지라시,20,g,3개,3
22,새우,오색지라시,25,g,4마리,3
23,홍피망,오색지라시,10,g,1/8개,3
24,청피망,오색지라시,10,g,1/8개,3
25,양파,오색지라시,5,g,5×1cm,3
26,대두유,오색지라시,20,g,1⅓큰술,3
27,참기름,오색지라시,10,g,2작은술,3
28,식용유,오색지라시,약간,,,3
29,두부,두부 곤약잡곡밥,110,g,⅓모,4
30,흰쌀,두부 곤약잡곡밥,15,g,,4
31,현미쌀,두부 곤약잡곡밥,3,g,,4
32,찹쌀,두부 곤약잡곡밥,3,g,,4
33,콩나물,나물준비,15,g,15개,4
34,표고버섯,나물준비,4,g,1/2장,4
35,애호박,나물준비,10,g,5×2×1cm,4
36,고사리,나물준비,15,g,7줄기,4
37,당근,나물준비,15,g,5×3×1cm,4
38,소금,나물준비,3,g,2/3작은술,4
39,소금,나물준비,약간(나물데침),,,4
40,초고추장,비빔고추장 소스,5,g,1작은술,4
41,플레인요거트,비빔고추장 소스,10,g,2작은술,4
42,참기름,비빔고추장 소스,2,g,1/3작은술,4
43,새싹채소,곁들임,3,g,,4
44,쌀,흑미밥,90,g,,5
45,닭가슴살,닭가슴살 삶기,40,g,1/3개,5
46,월계수 잎,닭가슴살 삶기,2,,장,5
47,후추,닭가슴살 삶기,약간,,,5
48,숙주,나물준비,20,g,1/20봉지,5
49,토란대,나물준비,20,g,5cm,5
50,달걀,고명,50,g,1개,5
51,대파,고명,10,g,5cm,5
52,들기름,고명,5,g,1작은술,5
53,소금,고명,약간,,,5
54,들깨가루,들깨 소스,15,g,1큰술,5
55,고추기름,들깨 소스,10,g,2작은술,5
56,꿀,들깨 소스,8,g,1⅔작은술,5
57,저염간장,들깨 소스,8,g,1⅔작은술,5
58,밥,취나물밥,210,g,1공기,6
59,다진 쇠고기,취나물밥,20,g,1⅓큰술,6
60,취나물,취나물밥,20,g,8줄기,6
61,다진 양파,취나물밥,5,g,1작은술,6
62,다진마늘,취나물밥,5,g,1작은술,6
63,간장,취나물밥,약간,,,6
64,매실즙,취나물밥,3,g,2/3작은술,6
65,참기름,취나물밥,2,g,1/3작은술,6
66,참깨,취나물밥,5,g,1작은술,6
67,소금,취나물밥,약간,,,6
68,청국장,청국장쌈장,20,g,1⅓큰술,6
69,된장,청국장쌈장,2,g,1/3작은술,6
70,콩가루,청국장쌈장,5,g,1작은술,6
71,멸치가루,청국장쌈장,2,g,1/3작은술,6
72,쌀뜨물,청국장쌈장,30,g,2큰술,6
73,다진 양파,청국장쌈장,7,g,1/2큰술,6
74,다진 호박,청국장쌈장,7,g,1/2큰술,6
75,다진 당근,청국장쌈장,7,g,1/2큰술,6
76,다진 표고버섯,청국장쌈장,7,g,1/2큰술,6
77,다진 호두,청국장쌈장,5,g,1작은술,6
78,참기름,청국장쌈장,2,g,1/3작은술,6
79,잡곡밥,잡곡밥,140,g,2/3공기,7
80,곰취,곰취쌈,30,g,,7
81,소금,곰취쌈,약간,,,7
82,조갯살,해물채소장,10,g,,7
83,새우살,해물채소장,10,g,,7
84,오징어살,해물채소장,15,g,,7
85,감자,해물채소장,18,g,1/6개,7
86,애호박,해물채소장,18,g,1/9개,7
87,양파,해물채소장,15,g,1/8개,7
88,청양고추,해물채소장,2,g,1/5개,7
89,표고버섯,해물채소장,5,g,1/2장,7
90,대파,해물채소장,2,g,1cm,7
91,마늘,해물채소장,3,g,1/2쪽,7
92,쌈장,해물채소장,10,g,2작은술,7
93,설탕,해물채소장,약간,,,7
94,참기름,해물채소장,약간,,,7
95,카놀라유,해물채소장,5,g,1작은술,7
96,고춧가루,해물채소장,약간,,,7
97,무,무초절임,65,g,6×5×2cm,7
98,식초,무초절임,30,g,2큰술,7
99,설탕,무초절임,15,g,1큰술,7
100,물,무초절임,50,ml,1/4컵,7
101,찹쌀,단호박찰밥,100,g,,8
102,밤,단호박찰밥,30,g,3개,8
103,은행,단호박찰밥,20,g,8알,8
104,잣,단호박찰밥,10,g,10알,8
105,단호박,단호박찰밥,40,g,4×8cm,8
106,대추,단호박찰밥,5,g,2개,8
107,케일이 쪄진 물,케일소스,100,ml,1/2컵,8
108,설탕,케일소스,15,g,1큰술,8
109,찹쌀,영양밥,100,g,,9
110, 바지락,영양밥,50,g,16개,9
111,강낭콩,영양밥,15,g,1큰술,9
112,완두콩,영양밥,15,g,1큰술,9
113,메주콩,영양밥,15,g,1큰술,9
114,달걀,오색준비,100,g,2개,9
115,애호박,오색준비,60,g,1/3개,9
116,가지,오색준비,40,g,1/4개,9
117,당근,오색준비,40,g,1/4개,9
118,표고버섯,오색준비,30,g,2장,9
119,다진 호두,호두 소스,10,g,2작은술,9
120,잣가루,호두 소스,2,g,1/3작은술,9
121,치자가루,곁들임,5,g,1작은술,9
122,연근,곁들임,6,g,1cm,9
123,식초,곁들임,5,g,1작은술,9
124, 새싹채소,곁들임,6,g,,9
125,연두부,새우두부계란찜,75,g,3/4모,10
126,칵테일새우,새우두부계란찜,20,g,5마리,10
127,달걀,새우두부계란찜,30,g,1/2개,10
128,생크림,새우두부계란찜,13,g,1큰술,10
129,설탕,새우두부계란찜,5,g,1작은술,10
130,시금치,고명,10,g,3줄기,10
131,조선부추,부추 콩가루 찜,50,g,,11
132,저염간장,양념장,3,g,2/3작은술,11
133,다진 대파,양념장,5,g,1작은술,11
134,다진 마늘,양념장,2,g,1/2쪽,11
135,고춧가루,양념장,2,g,1/3작은술,11
136,요리당,양념장,2,g,1/3작은술,11
137,참기름,양념장,2,g,1/3작은술,11
138,참깨,양념장,약간,,,11
139,물,연근 손질,200,ml,1컵,12
140,동치미국물,연근 구기자 물김치,40,g,2⅔큰술,12
141,연근,연근 구기자 물김치,30,g,4cm,12
142,무 20,연근 구기자 물김치,,g,3×3×1cm,12
143,사과,연근 구기자 물김치,30,g,1/5개,12
144,배추,연근 구기자 물김치,10,g,1장,12
145,구기자,연근 구기자 물김치,10,g,5개,12
146,오이,연근 구기자 물김치,5,g,2cm,12
147,돌미나리,연근 구기자 물김치,5,g,,12
148,쪽파,연근 구기자 물김치,5,g,,12
149,방울토마토,방울토마토 소박이,150,g,5개,13
150,양파,방울토마토 소박이,10,g,3×1cm,13
151,고춧가루,양념장,4,g,1작은술,13
152,멸치액젓,양념장,3,g,2/3작은술,13
153,다진 마늘,양념장,2.5,g,1/2쪽,13
154,매실액,양념장,2,g,1/3작은술,13
155,설탕,양념장,2,g,1/3작은술,13
156,물,양념장,2,ml,1/3작은술,13
157,통깨,양념장,약간,,,13
158,오이,오이무침,70,g,1/3개,14
159,순두부,순두부사과 소스,40,g,1/8봉지,14
160,사과,순두부사과 소스,50,g,1/3개,14
161,북어채,북엇국,25,g,15개,15
162,새우,북엇국,10,g,3마리,15
163,사과,북엇국,30,g,1/5개,15
164,양파,북엇국,40,g,1/4개,15
165,표고버섯,북엇국,20,g,2장,15
166,물,북엇국,300,ml,1½컵,15
167,닭,닭육수,150,g,,16
168,대파,닭육수,15,g,7cm,16
169,마늘,닭육수,10,g,2쪽,16
170,물,닭육수,500,ml,2½컵,16
171,깨,닭육수,10,g,2작은술,16
172,후추,닭육수,약간,,,16
173,멥쌀가루,사탕절편,400,g,2컵,16
174,녹차가루,사탕절편,3,g,1작은술,16
175,백련초,사탕절편,3,g,1작은술,16
176,쇠고기,고명,50,g,,16
177,애호박,고명,20,g,2cm,16
178,달걀,고명,50,g,1개,16
179,간장,고기양념,2,g,1/3작은술,16
180,참기름,고기양념,5,g,1작은술,16
181,소금,고기양념,약간,,,16
182,양파,멸치육수,20,g,1/6개,17
183,멸치,멸치육수,15,g,7마리,17
184,다진 마늘,멸치육수,10,g,2쪽,17
185,파,멸치육수,10,g,5cm,17
186,간장,멸치육수,4,g,1작은술,17
187,식초,멸치육수,2,g,1/3작은술,17
188,두부,두부완자,90,g,1/3모,17
189,달걀,두부완자,25,g,1/2개,17
190,표고버섯,두부완자,10,g,1장,17
191,표고버섯,고명,10,g,1장,17
192,파,고명,10,g,5cm,17
193,황태(채),황태해장국,15,g,10개,18
194,콩나물,황태해장국,30,g,1/6봉지,18
195,무,황태해장국,30,g,5×3×2cm,18
196,저염된장,황태해장국,10,g,2작은술,18
197,물,황태해장국,300,ml,1½컵,18
198,청양고추,황태해장국,5,g,1/2개,18
199,다진 마늘,황태해장국,2,g,1/3작은술,18
200,두부,된장국,20,g,2×2×2cm,19
201,애느타리버섯,된장국,20,g,4가닥,19
202,감자,된장국,10,g,4×3×1cm,19
203,양파,된장국,10,g,2×1cm,19
204,대파,된장국,10,g,5cm,19
205,된장,된장국,5,g,1작은술,19
206,물,된장국,300,ml,1½컵,19
207,국물용 멸치,멸치육수,5,g,3마리,20
208,다시마,멸치육수,1,,장,20
209, 양파,멸치육수,10,g,2×1cm,20
210,표고버섯,멸치육수,,,기둥,20
211,국간장,멸치육수,5,g,1작은술,20
212,청경채,채소준비,20,g,1개,20
213,표고버섯,채소준비,20,g,2장,20
214,다진 마늘,채소준비,2,g,1/3작은술,20
215,치커리,치커리 샐러드,30,g,10줄기,21
216,적양배추,치커리 샐러드,15,g,5×3cm,21
217,양파,치커리 샐러드,10,g,2×1cm,21
218,당근,치커리 샐러드,5,g,3×1×1cm,21
219,올리브유,올리브마늘 드레싱,10,g,2작은술,21
220,식초,올리브마늘 드레싱,5,g,1작은술,21
221,설탕,올리브마늘 드레싱,5,g,1작은술,21
222,마늘,올리브마늘 드레싱,5,g,1쪽,21
223,닭가슴살,구운 가지 닭가슴살 샐러드,100,g,,22
224,가지,구운 가지 닭가슴살 샐러드,100,g,2/3개,22
225,잎채소,구운 가지 닭가슴살 샐러드,40,g,,22
226,플레인요거트,들깨 드레싱,80,g,1개,22
227,양파,들깨 드레싱,20,g,1/6개,22
228,레몬즙,들깨 드레싱,20,g,1⅓큰술,22
229,꿀,들깨 드레싱,30,g,2큰술,22
230,들깨가루,들깨 드레싱,10,g,2작은술,22
231,딸기,스트로베리 샐러드,70,g,7개,23
232,플레인요거트,스트로베리 샐러드,85,g,1개,23
233,양상추,스트로베리 샐러드,70,g,2장,23
234,메추리알,스트로베리 샐러드,30,g,3개,23
235,블루베리,스트로베리 샐러드,15,g,1큰술,23
236,식초,스트로베리 샐러드,약간,,,23
237,소금,스트로베리 샐러드,약간,,,23
238,저지방우유,저염리코타치즈,200,ml,1컵,24
239,생크림,저염리코타치즈,30,g,2큰술,24
240,곤드레나물,곤드레단호박크로켓 샐러드,40,g,,24
241,단호박,곤드레단호박크로켓 샐러드,70,g,8ⅹ7cm,24
242,달걀,곤드레단호박크로켓 샐러드,50,g,1개,24
243,유자청,유자꿀 드레싱,45,g,3큰술,24
244,꿀,유자꿀 드레싱,15,g,1큰술,24
245,식초,유자꿀 드레싱,40,ml,2½큰술,24
246,물,유자꿀 드레싱,30,ml,2큰술,24
247,감자,그린매쉬드포테이토,80,g,1/2개,25
248,시금치우유 소스,그린매쉬드포테이토,5,g,1작은술,25
249,아몬드,그린매쉬드포테이토,2,g,1알,25
250,설탕,그린매쉬드포테이토,2,g,1/3작은술,25
251,크랜베리,그린매쉬드포테이토,3,g,,25
252,치커리,그린매쉬드포테이토,약간,,,25
253,시금치,시금치우유 소스,10,g,,25
254,우유,시금치우유 소스,10,g,2작은술,25
255,두부,채소두부,100,g,1/3모,26
256,양상추,채소두부,40,g,1장,26
257,방울토마토,채소두부,40,g,4개,26
258,치커리,채소두부,10,g,3줄기,26
259,적양배추,채소두부,10,g,3×3cm,26
260,잣,채소두부,5,g,5알,26
261,새싹채소,채소두부,15,g,,26
262,모과원액,모과 드레싱,50,g,3⅓큰술,26
263,배,모과 드레싱,30,g,1/8개,26
264,식초,모과 드레싱,35,g,2⅓큰술,26
265,레몬즙,모과 드레싱,20,g,1⅓큰술,26
266,설탕,모과 드레싱,7,g,1/2큰술,26
267,청피망,모과 드레싱,2,g,1/3작은술,26
268,빨강 파프리카,모과 드레싱,2,g,1/3작은술,26
269,새송이버섯,버섯구이,70,g,7개,27
270,연두부,두부타르타르 소스,30,g,1/4모,27
271,다진 양파,두부타르타르 소스,10,g,2작은술,27
272,다진 오이피클,두부타르타르 소스,10,g,2작은술,27
273,올리브유,두부타르타르 소스,2,g,1/3작은술,27
274,식초,두부타르타르 소스,5,g,1작은술,27
275,레몬즙,두부타르타르 소스,3,g,2/3작은술,27
276,머스터드,두부타르타르 소스,3,g,2/3작은술,27
277,꿀,두부타르타르 소스,2,g,1/3작은술,27
278,흰 후추,두부타르타르 소스,약간,,,27
279,두부,새우살 두부완자,60,g,1/6모,28
280,새우살,새우살 두부완자,30,g,7마리,28
281,빵가루,새우살 두부완자,12,g,1큰술,28
282,다진 빨강 파프리카,새우살 두부완자,5,g,1작은술,28
283,부추,새우살 두부완자,2,g,1줄기,28
284,소금,새우살 두부완자,약간,,,28
285,올리브유,새우살 두부완자,약간,,,28
286,새싹채소,곁들임,10,g,,28
287,매실액,매실생강 드레싱,40,g,2⅔큰술,28
288,생강즙,매실생강 드레싱,5,g,1작은술,28
289,물,매실생강 드레싱,20,ml,1⅓큰술,28
290,가지,구운채소,20,g,3cm,29
291,호박,구운채소,50,g,1/3개,29
292,양파,구운채소,15,g,1/8개,29
293,발사믹크레마,구운채소,15,g,1큰술,29
294,빨강 파프리카,구운채소,3,g,3×1cm,29
295,노랑 파프리카,구운채소,3,g,3×1cm,29
296,청피망,구운채소,3,g,3×1cm,29
297,올리브유,구운채소,약간,,,29
298,저염간장,구운채소,5,g,1작은술,29
299,식초,간장 레몬 소스,15,g,1큰술,29
300,설탕,간장 레몬 소스,10,g,1큰술,29
301,레몬즙,간장 레몬 소스,5,g,1작은술,29
302,브로콜리,브로콜리컬리플라워 샐러드,40,g,1/5송이,30
303,컬리플라워,브로콜리컬리플라워 샐러드,40,g,1/3송이,30
304,적양파,브로콜리컬리플라워 샐러드,10,g,2×1cm,30
305,강낭콩,브로콜리컬리플라워 샐러드,5,g,1작은술,30
306,건포도,브로콜리컬리플라워 샐러드,5,,알,30
307,호두,브로콜리컬리플라워 샐러드,1,,/2알,30
308,소금,브로콜리컬리플라워 샐러드,약간,,,30
309,두유,두유요거트 소스,50,g,3⅓큰술,30
310,플레인요거트,두유요거트 소스,20,g,1⅓큰술,30
311,레몬즙,두유요거트 소스,5,g,1작은술,30
312,설탕,두유요거트 소스,약간,,,30
313,빨강 파프리카,곁들임,45,g,1/3개,31
314,주황 파프리카,곁들임,45,g,1/3개,31
315,당근,곁들임,20,g,5×3×2cm,31
316,오이,곁들임,20,g,4cm,31
317,깻잎,곁들임,4,g,2장,31
318,적양배추,곁들임,15,g,3×2×1cm,31
319,겨자가루,냉채소스,50,g,3⅓큰술,31
320,식초,냉채소스,125,g,2/3컵,31
321,설탕,냉채소스,10,g,2작은술,31
322,저염간장,냉채소스,10,g,2작은술,31
323,소금,냉채소스,약간,,,31
324,닭가슴살,닭가슴살롤,100,g,,32
325,우유,닭가슴살롤,100,g,1/2컵,32
326,찹쌀,닭가슴살롤,50,g,,32
327,참기름,닭가슴살롤,5,g,1작은술,32
328,소금,닭가슴살롤,약간,,,32
329,밤,닭가슴살롤,20,g,2알,32
330,대추,약재 소스,10,g,4개,32
331,황기,약재 소스,10,g,,32
332,감자전분,약재 소스,15,g,1큰술,32
333,간장,약재 소스,15,g,1큰술,32
334,쌀뜨물,약재 소스,500,ml,2½컵,32
335,소금,약재 소스,약간,,,32
336,대구(손질된 것),대구구이,90,g,2토막,33
337,밀가루,대구구이,10,g,2작은술,33
338,사과,사과레몬 소스,50,g,1/3개,33
339,레몬즙,사과레몬 소스,25,g,1⅔큰술,33
340,후추,사과레몬 소스,약간,,,33
341,사과,곁들임,10,g,1/2쪽,33
342,레몬,곁들임,15,g,1쪽,33
343,동태살,동태살 구이,60,g,2토막,34
344,올리브유,동태살 구이,8,g,1⅔작은술,34
345,식초,동태살 구이,10,g,2작은술,34
346,바질,동태살 구이,약간,,,34
347,청피망,곁들임,10,g,1/8개,34
348,홍피망,곁들임,10,g,1/8개,34
349,미니새송이버섯,곁들임,20,g,2개,34
350,양파,곁들임,20,g,1/6개,34
351,당근,곁들임,10,g,5×3×1cm,34
352,호박,곁들임,10,g,폭5×두께1cm,34
353,올리브유,곁들임,약간,,,34
354,유자청,유자 소스,20,g,1⅓큰술,34
355,발사믹식초,발사믹 소스,20,g,1⅓큰술,34
356,물,발사믹 소스,10,ml,2작은술,34
357,조개관자,관자구이,100,g,3개,35
358,올리브유,비네그레트 드레싱,15,g,1큰술,35
359,레몬즙,비네그레트 드레싱,10,g,2작은술,35
360,다진 마늘,비네그레트 드레싱,5,g,1쪽,35
361,빨강 파프리카,비네그레트 드레싱,10,g,1/10개,35
362,노랑 파프리카,비네그레트 드레싱,10,g,1/10개,35
363,청 피망,비네그레트 드레싱,10,g,1/8개,35
364,양파,비네그레트 드레싱,10,g,1/8개,35
365,홍초,비네그레트 드레싱,7,g,1/2큰술,35
366,설탕,비네그레트 드레싱,5,g,1작은술,35
367,핫소스,비네그레트 드레싱,5,g,1작은술,35
368,흰 후추,비네그레트 드레싱,약간,,,35
369,바질,비네그레트 드레싱,약간,,,35
370,곤드레나물,토핑,30,g,,36
371,피자치즈,토핑,30,g,2큰술,36
372,리코타치즈,토핑,100,g,,36
373,파인애플,토핑,40,g,링1/2개,36
374,단호박,토핑,50,g,8×5cm,36
375,느타리버섯,토핑,50,g,6가닥,36
376,올리브유,토핑,약간,,,36
377,곤드레나물,곤드레도우,20,g,,36
378,중력분,곤드레도우,150,g,,36
379,꿀,레몬허니 소스,30,g,2큰술,36
380,레몬즙,레몬허니 소스,15,g,1큰술,36
381,실곤약,실곤약 국수,150,g,,37
382,노랑 파프리카,실곤약 국수,20,g,1/6개,37
383,빨강 파프리카,실곤약 국수,20,g,1/6개,37
384,당근,실곤약 국수,20,g,5×3×2cm,37
385,느타리버섯,실곤약 국수,20,g,3가닥,37
386,청고추,실곤약 국수,6,g,1/2개,37
387,청국장가루,실곤약 양념,3,g,2/3작은술,37
388,올리브유,실곤약 양념,10,g,2작은술,37
389,다진 마늘,실곤약 양념,5,g,1작은술,37
390,저염간장,실곤약 양념,6,g,1작은술,37
391,후추,실곤약 양념,약간,,,37
392,새싹채소,곁들임,6,g,,37
393,어린잎채소,곁들임,2,g,,37
394,검은콩,콩국물,120,g,1컵,38
395,땅콩,콩국물,30,g,15알,38
396,참깨,콩국물,10,g,2작은술,38
397,잣,콩국물,20,g,20알,38
398,중력분,국수반죽,250,g,,38
399,물,국수반죽,75,ml,5큰술,38
400,소금,국수반죽,약간,,,38
401,달걀,고명,50,g,1개,38
402,오이,고명,20,g,1/7개,38
403,방울토마토,고명,30,g,3개,38
404,마,튀김,50,g,5×5cm,39
405,호박고구마,튀김,50,g,1/3개,39
406,메밀가루,튀김,약간,,,39
407,무,멸치육수,125,g,5×5×4cm,39
408, 다시마,멸치육수,20,g,10×10cm,39
409, 멸치,멸치육수,20,g,8마리,39
410,사과,멸치육수,50,g,1/4개,39
411,배,멸치육수,50,g,1/5개,39
412,양파,멸치육수,50,g,1/3개,39
413,마늘,멸치육수,10,g,2쪽,39
414,저염간장,멸치육수,20,g,1⅓큰술,39
415,감초액,멸치육수,15,g,1큰술,39
416,유부,멸치육수,약간,,,39
417,홍고추,고명,3,g,1/4개,39
418,대파,고명,약간,,,39
419,순두부,순두부 푸딩,50,g,1/6봉지,40
420,우유,순두부 푸딩,75,g,5큰술,40
421,생크림,순두부 푸딩,25,g,1⅔큰술,40
422,꿀,순두부 푸딩,35,g,2⅓큰술,40
423,판젤라틴,순두부 푸딩,2,,장,40
424,바닐라에센스,순두부 푸딩,약간,,,40
425,적양배추,적양배추 푸딩,100,g,10×5cm 8장,40
426,꿀 35g(2⅓,적양배추 푸딩,,큰술,,40
427,라즈베리,라즈베리 소스,8,g,1큰술,40
428,설탕,라즈베리 소스,50,g,5큰술,40
429,물,라즈베리 소스,100,ml,1/2컵,40
430,애플민트,곁들임,약간,,,40
431,사과,사과오렌지 젤리,200,g,1개,41
432,오렌지,사과오렌지 젤리,200,g,1개,41
433,청포묵 가루,사과오렌지 젤리,30,g,2큰술,41
434,물,사과오렌지 젤리,100,ml,1/2컵,41
435,플레인 요거트,사과오렌지 젤리,100,g,1개,41
436,당근,오렌지 당근펀치,100,g,1/2개,42
437,오렌지,오렌지 당근펀치,100,g,1/2개,42
438,물,오렌지 당근펀치,50,ml,1/4컵,42
439,오렌지,요거트파르페,40,g,1/5개,43
440,사과,요거트파르페,30,g,1/5개,43
441,요거트,요거트파르페,200,g,1컵,43
442,블루베리,요거트파르페,30,g,2큰술,43
443,감자,중화면 200g 소스,80,g,1/2개,44
444,양파,중화면 200g 소스,80,g,1/3개,44
445,애호박,중화면 200g 소스,30,g,1/2개,44
446,검은콩,중화면 200g 소스,2,g,1/2작은술,44
447,새송이버섯,중화면 200g 소스,30,g,3개,44
448,옥수수통조림,중화면 200g 소스,10,g,2작은술,44
449,설탕,중화면 200g 소스,20,g,1½큰술,44
450,저염간장,중화면 200g 소스,15,g,1큰술,44
451,자장분말,중화면 200g 소스,30,g,2큰술,44
452,오이,장식,30,g,1/5개,44
453,완두콩,장식,10,g,2작은술,44
454,소면,주재료,160,g,,45
455,저염소금,주재료,4,g,1작은술,45
456,식초,주재료,8,g,1/2작은술,45
457,석류,소스,200,g,1/2개,45
458,잣,장식,4,g,1작은술,45
459,아몬드,장식,4,g,1작은술,45
460,해바라기씨,장식,4,g,1작은술,45
461,호두,장식,4,g,1작은술,45
462,호박씨,장식,4,g,1작은술,45
463,오이,장식,20,g,1/4개,45
464,스파게티(삶은 것),주재료,160,g,,46
465,근대,근대소스,60,g,1/2개,46
466,마늘,근대소스,10,g,2개,46
467,양파,근대소스,40,g,1/4개,46
468,올리브오일,근대소스,10,g,,46
469,생크림,흑임자 연두부소스,80,g,,46
470,흑임자,흑임자 연두부소스,2,g,,46
471,연두부,흑임자 연두부소스,40,g,1/10모,46
472,홍파프리카,파프리카 토마토소스,100,g,1/2개,46
473,마늘,파프리카 토마토소스,10,g,2개,46
474,양파,파프리카 토마토소스,40,g,1/4개,46
475,토마토,파프리카 토마토소스,60,g,1/2개,46
476,올리브오일,파프리카 토마토소스,10,g,,46
477,우유,파프리카 토마토소스,200,g,1컵,46
478,실곤약,주재료,440,g,,47
479,검은콩,주재료,70,g,,47
480,볶은 흑임자,주재료,6,g,1작은술,47
481,오이,장식,20,g,1/8개,47
482,토마토,장식,50,g,1/2개,47
483,달걀,장식,50,g,1개,47
484,만두피,주재료,4,g,2장,48
485,브로콜리,주재료,100,g,1/4개,48
486,숙주,주재료,100,g,,48
487,표고버섯,주재료,20,g,2개,48
488,닭 가슴살,주재료,100,g,,48
489,참기름,주재료,2,g,1/2작은술,48
490,저염간장,주재료,4,g,1작은술,48
491,소금,주재료,0.5,g,,48
492,후춧가루,주재료,0.1,g,,48
493,감자,주재료,300,g,2개,49
494,시금치,주재료,40,g,,49
495,비트,주재료,20,g,1/4개,49
496,오징어먹물,주재료,2,g,1/2작은술,49
497,밀가루,주재료,200,g,1컵,49
498,달걀,주재료,120,g,2개,49
499,다진 양파,소스,40,g,1/4개,49
500,생크림,소스,300,g,1½컵,49
501,우유,소스,200,g,1컵,49
502,넛맥,소스,0.2,g,,49
503,파마산치즈가루,소스,30,g,2큰술,49
504,고등어,구운고등어,600,g,1마리,49
505,올리브오일,구운고등어,10,g,,49
506,올리브오일,주재료 페투치네 120g 소스,2,g,,50
507,양파,주재료 페투치네 120g 소스,40,g,1/4개,50
508,두유,주재료 페투치네 120g 소스,400,g,2컵,50
509,파마산치즈가루,장식,30,g,2큰술,50
510,실파,장식,2,g,,50
511,마늘,장식,40,g,8개,50
512,김치,주재료,10,g,,51
513,달걀,주재료,150,g,3개,51
514,베이컨,주재료,20,g,2장,51
515,빵가루,주재료,15,g,1큰술,51
516,적채,주재료,5,g,,51
517,밀가루,주재료,5,g,1작은술,51
518,쌀밥,주재료,80,g,1/3컵,51
519,양상추,주재료,35,g,1/6개,51
520,양파,주재료,10,g,,51
521,치즈,주재료,18,g,1장,51
522,설탕,소스,1,g,,51
523,식초,소스,1,g,,51
524,저염간장,소스,3,g,1/2개,51
525,유자청,소스,1,g,,51
526,다진 청고추,소스,2.5,g,,51
527,다진 홍고추,소스,2.5,g,,51
528,찹쌀,굴영양쌈밥,30,g,2큰술,52
529,멥쌀,굴영양쌈밥,15,g,1큰술,52
530,밤,굴영양쌈밥,10,g,2개,52
531,대추,굴영양쌈밥,2,g,1개,52
532,은행,굴영양쌈밥,3,g,1개,52
533,단호박,굴영양쌈밥,10,g,,52
534,깻잎,굴영양쌈밥,2,g,2장,52
535,건다시마,굴영양쌈밥,0.5,g,,52
536,배추김치,배추김치말이,10,g,,52
537,저염햄,배추김치말이,5,g,,52
538,저염치즈,배추김치말이,10,g,1/2장,52
539,홍고추,배추김치말이,5,g,1/2개,52
540,된장,쌈장소스,2,g,,52
541,고추장,쌈장소스,1,g,,52
542,다시마물,쌈장소스,8,g,1½작은술,52
543,들깨가루,쌈장소스,2,g,,52
544,땅콩가루,쌈장소스,1,g,,52
545,다진 청양고추,쌈장소스,1,g,,52
546,다진 파,쌈장소스,0.5,g,,52
547,물엿,쌈장소스,0.5,g,,52
548,함초,주재료 소면 50g 육수,3,g,1/2작은술,53
549,노루궁뎅이버섯,주재료 소면 50g 육수,25,g,1/2개,53
550,다시마,주재료 소면 50g 육수,17,g,15cm,53
551,파,주재료 소면 50g 육수,140,g,1/2개,53
552,양파,주재료 소면 50g 육수,150,g,1/2개,53
553,무,주재료 소면 50g 육수,250,g,1/3개,53
554,모시조개,주재료 소면 50g 육수,150,g,3/4컵,53
555,냉이,주재료 소면 50g 육수,35,g,,53
556,달걀,장식,50,g,1개,53
557,청고추,장식,20,g,1개,53
558,실고추,장식,2,g,,53
559,쌀,주재료,90,g,1/2컵,54
560,찹쌀,주재료,10,g,2작은술,54
561,흑두부,주재료,45,g,1/4모,54
562,생표고버섯,주재료,15,g,2장,54
563,느타리버섯,주재료,30,g,,54
564,애느타리버섯,주재료,20,g,,54
565,새송이버섯,주재료,20,g,,54
566,양파,주재료,20,g,,54
567,황금팽이버섯,주재료,10,g,,54
568,팽이버섯,주재료,10,g,,54
569,홍파프리카,주재료,10,g,1/8개,54
570,황파프리카,주재료,10,g,1/8개,54
571,청파프리카,주재료,10,g,1/8개,54
572,저염스모크햄,양념고추장,10,g,3cm,54
573,베이컨,양념고추장,10,g,1장,54
574,백태,양념고추장,10,g,2작은술,54
575,참기름,양념고추장,10,g,2작은술,54
576,물엿,양념고추장,10,g,2작은술,54
577,고추장,양념고추장,10,g,2작은술,54
578,참깨,양념고추장,5,g,2작은술,54
579,쌀,주재료,240,g,1컵,55
580,베이컨,주재료,20,g,2장,55
581,후랑크소시지,주재료,20,g,1개,55
582,연근,주재료,40,g,1/4개,55
583,당근,주재료,30,g,1/5개,55
584,우엉,주재료,40,g,1/4개,55
585,고구마,주재료,20,g,1/5개,55
586,하수오,육수,3,g,,55
587,참나물,겉절이 양념장,10,g,,55
588,풋고추,겉절이 양념장,6,g,1작은술,55
589,홍고추,겉절이 양념장,6,g,1작은술,55
590,양파,겉절이 양념장,10,g,2작은술,55
591,마늘,겉절이 양념장,12,g,3개,55
592,저염간장,겉절이 양념장,10,g,2작은술,55
593,들기름,겉절이 양념장,5,g,1작은술,55
594,고춧가루,겉절이 양념장,0.2,g,,55
595,참깨,겉절이 양념장,0.2,g,,55
596,청양고추,주재료,6,g,1/3개,56
597,베이컨,주재료,40,g,4장,56
598,새싹,주재료,20,g,,56
599,쌀밥,주재료,300,g,1½컵,56
600,오이,주재료,40,g,1/4개,56
601,오징어,주재료,20,g,1/4개,56
602,해초,주재료,80,g,,56
603,홍합,주재료,40,g,10개,56
604,볶은 참깨,주재료,2,g,,56
605,청양고추,비트절임소스,10,g,1개,56
606,날치알,비트절임소스,10,g,2작은술,56
607,레몬,비트절임소스,2,g,,56
608,마늘,비트절임소스,10,g,2개,56
609,무,비트절임소스,50,g,1/4개,56
610,비트,비트절임소스,10,g,2작은술,56
611,설탕,비트절임소스,40,g,3큰술,56
612,양조식초,비트절임소스,40,g,3큰술,56
613,양파,비트절임소스,20,g,1/8개,56
614,오이,비트절임소스,10,g,1/8개,56
615,참기름,비트절임소스,20,g,1½큰술,56
616,통후추,비트절임소스,2,g,,56
617,녹두묵,주재료,10,g,,57
618,청포묵,주재료,10,g,,57
619,달걀,주재료,10,g,,57
620,당근,주재료,10,g,3cm,57
621,도토리묵,주재료,10,g,,57
622,멥쌀,주재료,200,g,1컵,57
623,시금치,주재료,30,g,,57
624,양파,주재료,30,g,,57
625,저염베이컨,주재료,30,g,3개,57
626,참나물,주재료,30,g,,57
627,표고버섯,주재료,20,g,2개,57
628,다진 홍고추,양념장,2,g,,57
629,다진 청양고추,양념장,2,g,,57
630,고춧가루,양념장,2,g,,57
631,유자청,양념장,2,g,,57
632,저염간장,양념장,20,g,1½큰술,57
633,맛술,양념장,20,g,1½큰술,57
634,마,주재료,30,g,1/4개,58
635,대추,주재료,20,g,10개,58
636,은행,주재료,35,g,25개,58
637,단호박,주재료,40,g,1/8개,58
638,아스파라거스,주재료,15,g,1/3개,58
639,영콘,주재료,20,g,1개,58
640,마늘,주재료,10,g,2개,58
641,닭,육수,550,g,1마리,58
642,파,육수,15,g,1큰술,58
643,마늘,육수,15,g,3개,58
644,두부,주재료,320,g,1모,59
645,쌀뜨물,주재료,300,g,1½컵,59
646,돼지고기,주재료,100,g,,59
647,김치,주재료,140,g,,59
648,된장,주재료,20,g,1½큰술,59
649,청양고추,주재료,10,g,1/2개,59
650,홍고추,주재료,5,g,1/4개,59
651,대파,주재료,10,g,2cm,59
652,고춧가루,주재료,5,g,1작은술,59
653,다시마,주재료,1,g,,60
654,두부,주재료,10,g,,60
655,떡국 떡,주재료,10,g,,60
656,스팸(마일드),주재료,10,g,,60
657,다진 마늘,주재료,5,g,,60
658,무,주재료,20,g,,60
659,김치,주재료,15,g,,60
660,소시지,주재료,10,g,1/2개,60
661,우민찌,주재료,5,g,1작은술,60
662,양파,주재료,5,g,,60
663,저염된장,주재료,15,g,1큰술,60
664,베이컨,주재료,5,g,,60
665,대파,주재료,5,g,,60
666,청양고추,주재료,5,g,,60
667,홍고추,주재료,1,g,,60
668,두부,주재료,60,g,1/4모,61
669,감자,주재료,60,g,1/3개,61
670,표고버섯,주재료,40,g,4개,61
671,저염된장,주재료,20,g,1큰술,61
672,청국장가루,주재료,20,g,1큰술,61
673,대파,주재료,10,g,3cm,61
674,쥬키니호박,주재료,20,g,1/4개,61
675,팽이버섯,주재료,5,g,,61
676,마늘,주재료,5,g,1개,61
677,풋고추,주재료,5,g,1/2개,61
678,홍고추,주재료,5,g,1/2개,61
679,다시마,육수,5,g,3cm,61
680,다시멸치,육수,10,g,2개,61
681,무,육수,40,g,4cm,61
682,양파,육수,40,g,1/3개,61
683,라이스페이퍼,주재료,10,g,4장,62
684,백김치,주재료,100,g,,62
685,닭 가슴살,주재료,100,g,,62
686,부추,주재료,50,g,,62
687,마늘,저염토마토소스,10,g,2개,62
688,사과,저염토마토소스,80,g,,62
689,양파,저염토마토소스,60,g,,62
690,레드와인,저염토마토소스,10,g,2작은술,62
691,토마토,저염토마토소스,200,g,1개,62
692,핫 소스,저염토마토소스,10,g,2작은술,62
693,레몬즙,저염토마토소스,5,g,1작은술,62
694,후춧가루,저염토마토소스,5,g,1작은술,62
695,당근,주재료,45,g,1/3개,63
696,피망,주재료,45,g,1/3개,63
697,양파,주재료,45,g,1/7개,63
698,밀가루,주재료,70,g,1/3컵,63
699,피스타치오,주재료,10,g,10개,63
700,칠리소스,주재료,45,g,3큰술,63
701,고구마,고구마무스,80,g,1½개,63
702,우유,고구마무스,30,g,2큰술,63
703,꿀,고구마무스,10,g,2작은술,63
704,카놀라유,주재료,2,g,,64
705,달걀,주재료,60,g,1개,64
706,닭 가슴살,주재료,40,g,,64
707,마요네즈,주재료,5,g,1작은술,64
708,천일염,주재료,0.2,g,,64
709,숙주나물,주재료,40,g,,64
710,양배추,주재료,30,g,1/10개,64
711,양파,주재료,10,g,1cm,64
712,흰 후춧가루,주재료,0.01,g, ,64
713,데리야끼소스,소스,5,g,,64
714,쪽파,장식,2,g,,64
715,양배추,주재료,130,g,1개,65
716,양파,주재료,150,g,1개,65
717,청피망,주재료,150,g,1개,65
718,올리브오일,주재료,5,g,1작은술,65
719,돼지고기,주재료,40,g,,65
720,또띠아,주재료,130,g,1½개,65
721,저염치즈,주재료,30,g,,65
722,고추장,제육양념,25,g,2큰술,65
723,꿀,제육양념,10,g,1½작은술,65
724,볶은 깨,제육양념,1.5,g,,65
725,참기름,제육양념,10,g,1½작은술,65
726,다진 마늘,제육양념,3,g,,65
727,식초,제육양념,10,g,1½작은술,65
728,참치,주재료,80,g,,66
729,바질,주재료,4,g,3잎,66
730,발사믹크림,주재료,10,g,1작은술,66
731,아스파라거스,주재료,40,g,3개,66
732,올리브오일,주재료,6,g,1작은술,66
733,버터,주재료,15,g,1큰술,66
734,그라나파다노 치즈,주재료,40,g,,66
735,후추,주재료,2,g,1/2작은술,66
736,영콘,부재료,5,g,,66
737,은행,부재료,5,g,1알,66
738,방울토마토,부재료,20,g,2개,66
739,당근,부재료,5,g,1/30개,66
740,목살,주재료,100,g,,67
741,마늘,주재료,10,g,2개,67
742,저염된장,주재료,10,g,,67
743,대파,주재료,25,g,1개,67
744,양파,주재료,10,g,1/15개,67
745,청주,주재료,15,g,1큰술,67
746,생강,주재료,10,g,1/2개,67
747,부추,부재료,25,g,,67
748,홍파프리카,부재료,10,g,1/15개,67
749,황파프리카,부재료,10,g,1/15개,67
750,양파즙,된장소스,10,g,2작은술,67
751,사과즙,된장소스,10,g,2작은술,67
752,배즙,된장소스,30,g,2큰술,67
753,저염된장,된장소스,10,g,2작은술,67
754,다진 마늘,된장소스,10,g,2작은술,67
755,매실청,된장소스,10,g,2작은술,67
756,참기름,된장소스,5,g,1작은술,67
757,깨소금,된장소스,3,g,1/2작은술,67
758,당근,주재료,10,g,1/12개,68
759,돼지고기 등심,주재료,160,g,,68
760,마늘즙,주재료,5,g,1작은술,68
761,생강즙,주재료,5,g,1작은술,68
762,식용유,주재료,10,g,2작은술,68
763,양파,주재료,10,g,1/30개,68
764,찹쌀떡,주재료,40,g,3개,68
765,후춧가루,주재료,2,g,1/2작은술,68
766,저염소금,주재료,5,g,1작은술,68
767,머스터드,주재료,10,g,1/2큰술,68
768,물엿,소스,20,g,4작은술,68
769,저염간장,소스,5,g,1작은술,68
770,코코넛가루,장식,5,g,1작은술,68
771,시금치가루,장식,2,g,1/2작은술,68
772,복분자가루,장식,2,g,1/2작은술,68
773,볶은 흑임자가루,장식,5,g,1작은술,68
774,볶은 참깨가루,장식,5,g,1작은술,68
775,두부,주재료,100,g,1/3모,69
776,느타리버섯,주재료,30,g,6개,69
777,감자,주재료,40,g,1/4개,69
778,곰피,주재료,10,g,,69
779,레몬즙,주재료,5,g,1작은술,69
780,식용유,주재료,10,g,1½작은술,69
781,파프리카,주재료,20,g,1/10개,69
782,레몬즙,소스,5,g,1작은술,69
783,매실액,소스,10,g,1/2큰술,69
784,유자청,소스,25,g,1½큰술,69
785,감자,주재료,100,g,1개,70
786,양배추,주재료,150,g,1/2개,70
787,당근,주재료,15,g,1/10개,70
788,두부,주재료,20,g,1/20모,70
789,돼지고기,주재료,30,g,,70
790,청양고추,주재료,5,g,1개,70
791,부침가루,주재료,45,g,3큰술,70
792,달걀,주재료,60,g,1개,70
793,오렌지즙,소스,15,g,1큰술,70
794,간장,소스,2,g,1/2작은술,70
795,식초,소스,10,g,2작은술,70
796,샬롯,주재료,70,g,5개,71
797,건고추,주재료,5,g,1개,71
798,당근,주재료,30,g,1/4개,71
799,삼겹살,주재료,350,g,,71
800,마늘,주재료,5,g,1개,71
801,설탕,주재료,30,g,2큰술,71
802,양송이버섯,주재료,70,g,3개,71
803,오렌지주스,주재료,400,g,2컵,71
804,월계수잎,주재료,2,g,1개,71
805,청경채,주재료,70,g,,71
806,청주,주재료,150,g,¾컵,71
807,후춧가루,주재료,2,g,1/2작은술,71
808,비트,비트졸임,30,g,,71
809,식초,비트졸임,60,g,4큰술,71
810,발사믹식초,소스,50,g,1/4컵,71
811,꿀,소스,30,g,2큰술,71
812,아몬드,소스,10,g,3개,71
813,샬롯,소스,30,g,2개,71
814,마늘,소스,5,g,1개,71
815,오렌지,소스,140,g,1/2개,71
816,쿠스쿠스,쿠스쿠스,20,g,,72
817,노랑 파프리카,쿠스쿠스,10,g,1/8개,72
818,빨강,쿠스쿠스,,,파프리카10g,72
819,청피망,쿠스쿠스,10,g,1/8개,72
820,후추,쿠스쿠스,3,g,1/2작은술,72
821,방울토마토,쿠스쿠스,10,g,1개,72
822,빨강 파프리카,쿠스쿠스샐러드 볼,40,g,1/3개,72
823,노랑 파프리카,쿠스쿠스샐러드 볼,40,g,1/3개,72
824,청피망30g,쿠스쿠스샐러드 볼,1,,/3개 ,72
825,홍합,홍합육수,30,g,10개,72
826,마늘,홍합육수,10,g,2쪽,72
827,발사믹식초,발사믹 비네그레트 소스,5,g,1작은술,72
828,올리브유,발사믹 비네그레트 소스,15,g,1큰술,72
829,양송이버섯,버섯탕수,20,g,1개,73
830,새송이버섯,버섯탕수,15,g,1/4개,73
831,표고버섯,버섯탕수,15,g,1장,73
832,느타리버섯,버섯탕수,15,g,2가닥,73
833,감자전분,버섯탕수,20,g,1⅓큰술,73
834,찹쌀가루,버섯탕수,10,g,2작은술,73
835,블루베리,블루베리 소스,5,g,,73
836,홍초,블루베리 소스,25,g,1⅔큰술,73
837,설탕,블루베리 소스,5,g,1작은술,73
838,식용유,블루베리 소스,10,g,2작은술,73
839,물,블루베리 소스,100,ml,1/2컵,73
840,파인애플,블루베리 소스,5,g,3cm,73
841, 빨강 파프리카,블루베리 소스,5,g,3×1cm,73
842,주황 파프리카,블루베리 소스,5,g,3×1cm,73
843,청피망,블루베리 소스,5,g,,73
844, 양파,블루베리 소스,5,g,3×1cm,73
845,감자전분,녹말물,15,g,1큰술,73
846,물,녹말물,100,ml,1/2컵,73
847,감자,채소크로켓,150,g,1개,74
848,양송이버섯,채소크로켓,45,g,2개,74
849,달걀,채소크로켓,50,g,1개,74
850,양파,채소크로켓,20,g,1/5개,74
851,당근,채소크로켓,20,g,1/5개,74
852,밀가루,채소크로켓,10,g,2작은술,74
853,빵가루,채소크로켓,10,g,2작은술,74
854,식용유,채소크로켓,400,ml,2컵,74
855,새싹채소,채소크로켓,약간,,,74
856,레몬,레몬 소스,1,,개,74
857,설탕,레몬 소스,20,g,1⅓큰술,74
858,삼겹살,삼결살롤,100,g,,75
859, 밤콩,삼결살롤,15,g,1큰술,75
860,완두콩,삼결살롤,15,g,1큰술,75
861,단호박,단호박무스,40,g,4×8cm,75
862,양파,단호박무스,10,g,5×3×1cm,75
863,토마토,토마토로메스코 소스,150,g,1개,75
864,노랑 파프리카,토마토로메스코 소스,25,g,1/3개,75
865,빨강 파프리카,토마토로메스코 소스,25,g,1/3개,75
866,양파,토마토로메스코 소스,25,g,1/5개,75
867,당근,토마토로메스코 소스,10,g,5×3×1cm,75
868,마늘,토마토로메스코 소스,15,g,3쪽,75
869,아몬드,토마토로메스코 소스,25,g,10알,75
870,마른 홍고추,토마토로메스코 소스,5,g,1개,75
871,올리브유,토마토로메스코 소스,10,g,2작은술,75
872,식빵,토마토로메스코 소스,1,,조각,75
873,후추,토마토로메스코 소스,약간,,,75
874,닭가슴살,브리또,30,g,,76
875,느타리버섯,브리또,20,g,3가닥,76
876,토마토,브리또,20,g,1/10개,76
877,양상추,브리또,15,g,1/3장,76
878,오이,브리또,20,g,3cm,76
879,양파,브리또,15,g,1/8개,76
880,빨강 파프리카,브리또,20,g,1/6개,76
881,노랑 파프리카,브리또,20,g,1/6개,76
882,올리브유,브리또,15,g,1큰술,76
883,또띠아,브리또,1,,장,76
884,소금,브리또,약간,,,76
885,후추,브리또,약간,,,76
886,플레인요거트,레몬요거트 소스,30,g,2큰술,76
887,레몬즙,레몬요거트 소스,5,g,1작은술,76
888,쇠우둔살,쇠우둔살쌈,250,g,,77
889,깻잎,쇠우둔살쌈,10,g,5장,77
890,소금,쇠우둔살쌈,약간,,,77
891,보리된장,보리된장 소스,20,g,1⅓큰술,77
892,파인애플,보리된장 소스,10,g,5cm,77
893,파인애플즙,보리된장 소스,5,g,1작은술,77
894,레몬즙,보리된장 소스,3,g,2/3작은술,77
895,고구마,고구마 스틱,50,g,1/3개,78
896,식용유,고구마 스틱,300,g,1½컵,78
897,가지,라따뚜이,30,g,4cm,78
898,양파,라따뚜이,30,g,1/4개,78
899,애호박,라따뚜이,30,g,3cm,78
900,마늘,라따뚜이,5,g,1쪽,78
901,토마토 페이스트,라따뚜이,15,g,1큰술,78
902,물,수란,1,,,78
903, 달걀,수란,50,g,1개,78
904,식용유,수란,약간,,,78
905,잡곡밥,잡곡누룽지,210,g,1공기,79
906,흑두부,카나페,100,g,1/3모,79
907,미니새송이버섯,카나페,30,g,2개,79
908,청양고추,카나페,20,g,2개,79
909,당근,카나페,30,g,1/5개,79
910,부추,카나페,20,g,,79
911,식용유,카나페,10,g,2작은술,79
912,소금,카나페,약간,,,79
913,후추,카나페,약간,,,79
914,간장,간장소스,45,g,3큰술,79
915,설탕,간장소스,20,g,2큰술,79
916,맛술,간장소스,30,g,2큰술,79
917,마늘,간장소스,5,g,1쪽,79
918,두부,와인두부,20,g,,80
919,레드와인,와인두부,10,ml,2작은술,80
920,박력분,와인두부,30,g,2큰술,80
921,설탕,와인두부,5,g,1작은술,80
922,달걀,와인두부,10,g,1/5개,80
923,검정깨,와인두부,2,g,1/3작은술,80
924,소금,와인두부,약간,,,80
925,저염치즈,치즈 소스,30,g,2큰술,80
926,방울토마토,곁들임,30,g,3개,80
927,비타민,곁들임,5,g,,80
928,돌나물,돌나물 샐러드,90,g,,81
929,미니새송이버섯,돌나물 샐러드,60,g,7개,81
930,참기름,돌나물 샐러드,약간,,,81
931,마요네즈,레몬마요네즈 소스,10,g,2작은술,81
932,레몬즙,레몬마요네즈 소스,20,g,1⅓큰술,81
933,청양고추,레몬마요네즈 소스,5,g,1/2개,81
934,홍고추,레몬마요네즈 소스,5,g,1/2개,81
935,참기름,레몬마요네즈 소스,약간,,,81
936,미나리,주재료,70,g,,82
937,얼갈이배추,주재료,200,g,1개,82
938,천일염,주재료,10,g,2작은술,82
939,배,주재료,50,g,1/6개,82
940,쇠고기(홍두깨살),육수,20,g,5cm,82
941,다시마,육수,10,g,10cm,82
942,마늘,육수,5,g,1개,82
943,대파,육수,10,g,1/3개,82
944,갓,소스,35,g,,82
945,홍고추,소스,50,g,5개,82
946,사과,소스,50,g,1/4개,82
947,배,소스,50,g,1/4개,82
948,생강,소스,10,g,,82
949,마늘,소스,10,g,2개,82
950,식초,소스,30,g,2큰술,82
951,양파,소스,30,g,1/6개,82
952,유자,소스,50,g,1/4개,82
953,청각,소스,15,g,10cm,82
954,대파,소스,10,,1/3개,82
955,배추,주재료,100,g,1/6개,83
956,참전복,주재료,100,g,2마리,83
957,쪽파,주재료,25,g,5개,83
958,레몬(껍질),주재료,20,g,1/5개,83
959,함초,육수,100,g,1/2컵,83
960,생강,육수,10,g,,83
961,고춧가루,양념장,25,g,2큰술,83
962,멸치가루,양념장,100,g,1/2컵,83
963,멸치액젓,양념장,25,g,2큰술,83
964,새우젓,양념장,5,g,1작은술,83
965,다진 마늘,양념장,20,g,1⅓큰술,83
966,찹쌀가루,양념장,15,g,1큰술,83
967,순무,양념장,70,g,,83
968,꽁치,주재료,160,g,1/2마리,84
969,감자,주재료,80,g,1/2개,84
970,느타리버섯,주재료,60,g,10개,84
971,레몬즙,주재료,2,g,1/2작은술,84
972,단호박,주재료,30,g,1/10개,84
973,멸치육수,조림양념,300,g,1½컵,84
974,생강즙,조림양념,2,g,1/2작은술,84
975,다진 마늘,조림양념,20,g,1½큰술,84
976,간장,조림양념,5,g,1작은술,84
977,들깨가루,조림양념,50,g,1/4컵,84
978,대파,장식,10,g,1/3개,84
979,청양고추,장식,10,g,1개,84
980,팽이버섯,장식,10,g,1/10개,84
981,감자,주재료,100,g,1/2개,85
982,백김치,주재료,60,g,1/5포기,85
983,판 두부,주재료,140,g,1/2모,85
984,다진 마늘,주재료,20,g,1½큰술,85
985,멸치육수,주재료,400,g,2컵,85
986,우민찌,주재료,50,g,1/4컵,85
987,양파,주재료,40,g,1/4개,85
988,청국장,주재료,50,g,1/4컵,85
989,고추기름,주재료,10,g,2작은술,85
990,대파,장식,5,g,1/5개,85
991,청양고추,장식,10,g,1개,85
992,백김치,주재료,20,g,1장,86
993,깻잎,주재료,2,g,2장,86
994,동태포,주재료,60,g,2장,86
995,부추,주재료,10,g,,86
996,샐러리,주재료,5,g,6cm,86
997,쪽파,주재료,10,g,,86
998,황파프리카,주재료,10,g,1/10개,86
999,후춧가루,주재료,0.1,g, ,86
1000,비트,소스,0.5,g,,86
1001,오미자원액,소스,5,g,1작은술,86
1002,백김치 국물,소스,5,g,1작은술,86
1003,명태코다리,주재료,160,g,1/2마리,87
1004,무,주재료,60,g,1/10개,87
1005,양파,주재료,20,g,1/8개,87
1006,꽈리고추,주재료,60,g,6개,87
1007,홍피망,주재료,20,g,1/5개,87
1008,황파프리카,주재료,20,g,1/5개,87
1009,저염간장,조림양념,10,g,2작은술,87
1010,카레가루(매운맛),조림양념,5,g,1작은술,87
1011,백물엿,조림양념,5,g,1작은술,87
1012,흰설탕,조림양념,5,g,1작은술,87
1013,다진 파,조림양념,5,g,,87
1014,카놀라유,조림양념,2,g,1/2작은술,87
1015,다진 마늘,조림양념,2,g,1/2작은술,87
1016,미향,조림양념,2,g,1/2작은술,87
1017,다진 생강,조림양념,0.1,g,,87
1018,후춧가루,조림양념,0.1,g,,87
1019,배추,주재료,15,g,1장,88
1020,무,주재료,5,g,2cm,88
1021,비트,주재료,10,g,2cm,88
1022,오이,주재료,10,g,3cm,88
1023,생강,주재료,2,g,1cm,88
1024,마늘,주재료,2,g,1개,88
1025,쪽파,주재료,5,g,12cm,88
1026,청양고추,주재료,2,g,1/5개,88
1027,홍고추,주재료,2,g,1/5개,88
1028,당근,주재료,5,g,1cm,88
1029,저염소금,주재료,1.5,g,,88
1030,파뿌리,육수,15,g,1개,88
1031,파,육수,5,g,,88
1032,마늘,육수,10,g,2개,88
1033,다시마,육수,10,g,,88
1034,무,육수,30,g,,88
1035,배추,주재료,70,g,1/10개,89
1036,석류즙,주재료,10,g,2작은술,89
1037,소금,주재료,5,g,1/2작은술,89
1038,무,양념,10,g,3cm,89
1039,미나리,양념,10,g,,89
1040,쪽파,양념,10,g,1개,89
1041,다진 마늘,양념,5,g,1작은술,89
1042,다진 생강,양념,5,g,1작은술,89
1043,새우젓국,양념,15,g,1큰술,89
1044,코다리,주재료,240,g,1/2마리,90
1045,다시마,조림장,2,g,2cm,90
1046,사과,조림장,30,g,1/4개,90
1047,진피,조림장,5,g,1작은술,90
1048,유자청,조림장,30,g,2큰술,90
1049,저염간장,조림장,15,g,1큰술,90
1050,레드와인,조림장,20,g,1⅓큰술,90
1051,청주,조림장,20,g,1⅓큰술,90
1052,생강,조림장,2,g,1/2작은술,90
1053,실고추,조림장,0.4,g,,90
1054,마늘,조림장,2,g,1/2쪽,90
1055,통후추,조림장,2,g,1/2작은술,90
1056,풋고추,장식,2,g,1/5개,90
1057,홍고추,장식,2,g,1/5개,90
1058,대구살,주재료,120,g,,91
1059,홍파프리카,주재료,10,g,1/10개,91
1060,황파프리카,주재료,10,g,1/10개,91
1061,청파프리카,주재료,10,g,1/10개,91
1062,황금팽이버섯,주재료,10,g,,91
1063,미나리,주재료,20,g,,91
1064,유자청,소스,20,g,1⅓큰술,91
1065,발사믹식초,소스,10,g,2작은술,91
1066,대파,장식,30,g,1개,91
1067,자색고구마,주재료,10,g,3cm,92
1068,무,주재료,10,g,2cm,92
1069,배,주재료,80,g,1/4개,92
1070,배추,주재료,200,g,1/3개,92
1071,부추,주재료,10,g,,92
1072,사과,주재료,80,g,1/3개,92
1073,쪽파,주재료,10,g,10cm,92
1074,멥쌀,양념,10,g,2작은술,92
1075,물엿,양념,50,g,1/4컵,92
1076,황파프리카,양념,140,g,1½개,92
1077,애호박,주재료,70,g,1½개,93
1078,양송이버섯,주재료,60,g,3개,93
1079,가지,주재료,70,g,1/2개,93
1080,저염살라미,주재료,25,g,,93
1081,사과,주재료,60,g,1/3개,93
1082,양파,소스,40,g,1/5개,93
1083,마늘,소스,10,g,2개,93
1084,토마토,소스,600,g,3개,93
1085,설탕,소스,10,g,2작은술,93
1086,바질,소스,50,g,,93
1087,고추장,소스,15,g,1큰술,93
1088,깻잎,주재료,5,g,2장,94
1089,두부,주재료,100,g,1/3개,94
1090,다진 마늘,주재료,2,g,1/2작은술,94
1091,다진 양파,주재료,5,g,1/2작은술,94
1092,쪽파,주재료,2,g,,94
1093,홍파프리카,주재료,2,g,1/30개,94
1094,황파프리카,주재료,2,g,1/30개,94
1095,애호박,주재료,10,g,1/10개,94
1096,참치 통조림,주재료,70,g,,94
1097,고추장,소스,5,g,1작은술,94
1098,포도 통조림,소스,5,g,,94
1099,매실액,소스,5,g,1/2작은술,94
1100,물엿,소스,5,g,1/2작은술,94
1101,사과식초,소스,5,g,1/2작은술,94
1102,유자액,소스,5,g,1작은술,94
1103,감자,주재료,50,g,1/3개,95
1104,부추,주재료,10,g,,95
1105,파인애플,주재료,100,g,,95
1106,파프리카,주재료,20,g,1/4개,95
1107,피자치즈,주재료,30,g,1/10컵,95
1108,우유,무염치즈,200,g,1컵,95
1109,식초,무염치즈,30,g,2큰술,95
1110,마늘,소스,10,g,2개,95
1111,양파,소스,30,g,1/5개,95
1112,토마토,소스,20,g,1/10개,95
1113,식용유,소스,5,g,1작은술,95
1114,닭 가슴살,주재료,100,g,,96
1115,밀가루(중력분),주재료,60,g,1/4컵,96
1116,무염버터,주재료,15,g,1큰술,96
1117,식용유,주재료,15,g,1큰술,96
1118,피망,주재료,20,g,1/10개,96
1119, 황파프리카,주재료,20,g,1/10개,96
1120,다진 마늘,주재료,5,g,1작은술,96
1121,고춧가루,주재료,5,g,1작은술,96
1122,후춧가루,주재료,3,g,1/2작은술,96
1123,자몽,자몽소스,40,g,1/4개,96
1124,소스 다진 양파,토마토 살사,15,g,1큰술,96
1125,토마토,토마토 살사,40,g,1/5개,96
1126,올리브오일,토마토 살사,20,g,4작은술,96
1127,겨자가루,토마토 살사,30,g,2큰술,96
1128,식초,토마토 살사,5,g,1작은술,96
1129,꿀,토마토 살사,60,g,2큰술,96
1130,다진 고추,토마토 살사,5,g,1작은술,96
1131,레몬즙,토마토 살사,10,g,2작은술,96
1132,유자청,토마토 살사,5,g,1작은술,96
1133,닭 가슴살,주재료,120,g,,97
1134,시금치,주재료,5,g,1잎,97
1135,다진 마늘,주재료,5,g,1작은술,97
1136,다진 생강,주재료,5,g,1작은술,97
1137,다진 양파,주재료,20,g,4작은술,97
1138,무,주재료,30,g,1/20개,97
1139,고구마,주재료,30,g,1/3개,97
1140,우유,주재료,100,g,1/2컵,97
1141,백미,소스,30,g,,97
1142,현미,소스,30,g,,97
1143,조,소스,15,g,,97
1144,닭육수,소스,100,g,1/2컵,97
1145,들깨가루,소스,15,g,1큰술,97
1146,단호박,소스,20,g,1/20개,97
1147,두부,소스,15,g,1/4모,97
1148,감자,병아리콩 그라탕,50,g,1/3개,98
1149,우유,병아리콩 그라탕,20,g,4작은술,98
1150,병아리콩,병아리콩 그라탕,50,g,3큰술,98
1151,유자청,고추장소스,25,g,5작은술,98
1152,아보카도,아보카도샐러드,40,g,1/4개,98
1153,토마토,아보카도샐러드,40,g,1/5개,98
1154,바질,아보카도샐러드,5,g,,98
1155,두부,주재료,40,g,1/7개,99
1156,식용유,주재료,10,g,2작은술,99
1157,무,김치,30,g,1/20개,99
1158,배,김치,100,g,1/3개,99
1159,배추(작은 것),김치,70,g,1/10개,99
1160,부추,김치,50,g,,99
1161,사과,김치,100,g,1/2개,99
1162,천일염,김치,80,g,,99
1163,양파(껍질포함),김치,70,g,1/2개,99
1164,고춧가루,김치,50,g,1/4컵,99
1165,물,김치,80,g,1/3컵,99
1166,된장,소스,15,g,1큰술,99
1167,우유,소스,45,g,3큰술,99
1168,조개 관자,주재료,90,g,1½개,100
1169,가지,주재료,30,g,1/3개,100
1170,달걀(흰자),주재료,40,g,,100
1171,밀가루,주재료,60,g,4큰술,100
1172,소고기 등심,주재료,90,g,,100
1173,팽이버섯,주재료,15,g,,100
1174,홍파프리카,주재료,25,g,1/3개,100
1175,쥬키니호박,주재료,95,g,1개,100
1176,치자,주재료,5,g,,100
1177,당근,주재료,20,g,1/5개,100
1178,부추,주재료,10,g,,100
1179,오미자청,소스,30,g,2큰술,100
1180,꿀,소스,5,g,1작은술,100
1181,민들레 잎,주재료,40,g,,101
1182,비트,주재료,5,g,1작은술,101
1183,오렌지(껍질),주재료,40,g,1/5개,101
1184,간장,드레싱,20,g,1⅓큰술,101
1185,다진 홍고추,드레싱,10,g,1개,101
1186,레몬즙,드레싱,60,g,4큰술,101
1187,설탕,드레싱,6,g,1작은술,101
1188,가지,주재료,100,g,1개,102
1189,토마토,주재료,200,g,1½개,102
1190,무순,주재료,20,g,,102
1191,마늘,주재료,10,g,2개,102
1192,올리브오일,드레싱,25,g,2큰술,102
1193,발사믹식초,드레싱,60,g,4큰술,102
1194,후춧가루,드레싱,2,g,1/2작은술,102
1195,느타리버섯,주재료,50,g,10개,103
1196,표고버섯,주재료,50,g,3개,103
1197,양조간장,소스,2,g,1/2작은술,103
1198,설탕,소스,5,g,1작은술,103
1199,식초,소스,2,g,1/2작은술,103
1200,방울토마토,장식,24,g,3개,103
