,레시피명,단계,재료,함량,단위,목측량,RCP_ID
0,칼륨 듬뿍 고구마죽,고구마죽,고구마,100,g,2/3개,1
1,칼륨 듬뿍 고구마죽,고구마죽,설탕,2,g,1/3작은술,1
2,칼륨 듬뿍 고구마죽,고구마죽,찹쌀가루,3,g,2/3작은술,1
3,칼륨 듬뿍 고구마죽,고구마죽,물,200,ml,1컵,1
4,칼륨 듬뿍 고구마죽,고구마죽,잣,8,g,8알,1
5,누룽지 두부 계란죽,채소준비,애호박,30,g,1/6개,2
6,누룽지 두부 계란죽,채소준비,표고버섯,20,g,2개,2
7,누룽지 두부 계란죽,채소준비,당근,5,g,3×2×1cm,2
8,누룽지 두부 계란죽,누룽지 죽,누룽지,70,g,1/3컵,2
9,누룽지 두부 계란죽,누룽지 죽,순두부,100,g,1/4모,2
10,누룽지 두부 계란죽,누룽지 죽,달걀,50,g,1개,2
11,누룽지 두부 계란죽,누룽지 죽,참기름,3,g,2/3작은술,2
12,누룽지 두부 계란죽,누룽지 죽,소금,약간,,,2
13,누룽지 두부 계란죽,누룽지 죽,참깨,약간,,,2
14,누룽지 두부 계란죽,누룽지 죽,흰 후추,약간,,,2
15,오색지라시 스시,배합초,식초,20,g,1⅓큰술,3
16,오색지라시 스시,배합초,설탕,10,g,2작은술,3
17,오색지라시 스시,배합초,소금,약간,,,3
18,오색지라시 스시,오색지라시,달걀노른자,40,g,달걀2개,3
19,오색지라시 스시,오색지라시,표고버섯,10,g,1장,3
20,오색지라시 스시,오색지라시,새송이버섯,20,g,3개,3
21,오색지라시 스시,오색지라시,새우,25,g,4마리,3
22,오색지라시 스시,오색지라시,홍피망,10,g,1/8개,3
23,오색지라시 스시,오색지라시,청피망,10,g,1/8개,3
24,오색지라시 스시,오색지라시,양파,5,g,5×1cm,3
25,오색지라시 스시,오색지라시,대두유,20,g,1⅓큰술,3
26,오색지라시 스시,오색지라시,참기름,10,g,2작은술,3
27,오색지라시 스시,오색지라시,식용유,약간,,,3
28,두부 곤약 나물 비빔밥,두부 곤약잡곡밥,두부,110,g,⅓모,4
29,두부 곤약 나물 비빔밥,두부 곤약잡곡밥,흰쌀,15,g,,4
30,두부 곤약 나물 비빔밥,두부 곤약잡곡밥,현미쌀,3,g,,4
31,두부 곤약 나물 비빔밥,두부 곤약잡곡밥,찹쌀,3,g,,4
32,두부 곤약 나물 비빔밥,나물준비,콩나물,15,g,15개,4
33,두부 곤약 나물 비빔밥,나물준비,표고버섯,4,g,1/2장,4
34,두부 곤약 나물 비빔밥,나물준비,애호박,10,g,5×2×1cm,4
35,두부 곤약 나물 비빔밥,나물준비,고사리,15,g,7줄기,4
36,두부 곤약 나물 비빔밥,나물준비,당근,15,g,5×3×1cm,4
37,두부 곤약 나물 비빔밥,나물준비,소금,3,g,2/3작은술,4
38,두부 곤약 나물 비빔밥,나물준비,소금,약간(나물데침),,,4
39,두부 곤약 나물 비빔밥,비빔고추장 소스,초고추장,5,g,1작은술,4
40,두부 곤약 나물 비빔밥,비빔고추장 소스,플레인요거트,10,g,2작은술,4
41,두부 곤약 나물 비빔밥,비빔고추장 소스,참기름,2,g,1/3작은술,4
42,두부 곤약 나물 비빔밥,곁들임,새싹채소,3,g,,4
43,저염 간장을 이용한 닭개장 비빔밥,흑미밥,쌀,90,g,,5
44,저염 간장을 이용한 닭개장 비빔밥,닭가슴살 삶기,닭가슴살,40,g,1/3개,5
45,저염 간장을 이용한 닭개장 비빔밥,닭가슴살 삶기,월계수 잎,2,,장,5
46,저염 간장을 이용한 닭개장 비빔밥,닭가슴살 삶기,후추,약간,,,5
47,저염 간장을 이용한 닭개장 비빔밥,나물준비,숙주,20,g,1/20봉지,5
48,저염 간장을 이용한 닭개장 비빔밥,나물준비,토란대,20,g,5cm,5
49,저염 간장을 이용한 닭개장 비빔밥,고명,달걀,50,g,1개,5
50,저염 간장을 이용한 닭개장 비빔밥,고명,대파,10,g,5cm,5
51,저염 간장을 이용한 닭개장 비빔밥,고명,들기름,5,g,1작은술,5
52,저염 간장을 이용한 닭개장 비빔밥,고명,소금,약간,,,5
53,저염 간장을 이용한 닭개장 비빔밥,들깨 소스,들깨가루,15,g,1큰술,5
54,저염 간장을 이용한 닭개장 비빔밥,들깨 소스,고추기름,10,g,2작은술,5
55,저염 간장을 이용한 닭개장 비빔밥,들깨 소스,꿀,8,g,1⅔작은술,5
56,저염 간장을 이용한 닭개장 비빔밥,들깨 소스,저염간장,8,g,1⅔작은술,5
57,취나물 비빔밥 & 청국장 쌈장,취나물밥,밥,210,g,1공기,6
58,취나물 비빔밥 & 청국장 쌈장,취나물밥,다진 쇠고기,20,g,1⅓큰술,6
59,취나물 비빔밥 & 청국장 쌈장,취나물밥,취나물,20,g,8줄기,6
60,취나물 비빔밥 & 청국장 쌈장,취나물밥,다진 양파,5,g,1작은술,6
61,취나물 비빔밥 & 청국장 쌈장,취나물밥,다진마늘,5,g,1작은술,6
62,취나물 비빔밥 & 청국장 쌈장,취나물밥,간장,약간,,,6
63,취나물 비빔밥 & 청국장 쌈장,취나물밥,매실즙,3,g,2/3작은술,6
64,취나물 비빔밥 & 청국장 쌈장,취나물밥,참기름,2,g,1/3작은술,6
65,취나물 비빔밥 & 청국장 쌈장,취나물밥,참깨,5,g,1작은술,6
66,취나물 비빔밥 & 청국장 쌈장,취나물밥,소금,약간,,,6
67,취나물 비빔밥 & 청국장 쌈장,청국장쌈장,청국장,20,g,1⅓큰술,6
68,취나물 비빔밥 & 청국장 쌈장,청국장쌈장,된장,2,g,1/3작은술,6
69,취나물 비빔밥 & 청국장 쌈장,청국장쌈장,콩가루,5,g,1작은술,6
70,취나물 비빔밥 & 청국장 쌈장,청국장쌈장,멸치가루,2,g,1/3작은술,6
71,취나물 비빔밥 & 청국장 쌈장,청국장쌈장,쌀뜨물,30,g,2큰술,6
72,취나물 비빔밥 & 청국장 쌈장,청국장쌈장,다진 양파,7,g,1/2큰술,6
73,취나물 비빔밥 & 청국장 쌈장,청국장쌈장,다진 호박,7,g,1/2큰술,6
74,취나물 비빔밥 & 청국장 쌈장,청국장쌈장,다진 당근,7,g,1/2큰술,6
75,취나물 비빔밥 & 청국장 쌈장,청국장쌈장,다진 표고버섯,7,g,1/2큰술,6
76,취나물 비빔밥 & 청국장 쌈장,청국장쌈장,다진 호두,5,g,1작은술,6
77,취나물 비빔밥 & 청국장 쌈장,청국장쌈장,참기름,2,g,1/3작은술,6
78,해물 채소장을 넣은 곰취 쌈밥,잡곡밥,잡곡밥,140,g,2/3공기,7
79,해물 채소장을 넣은 곰취 쌈밥,곰취쌈,곰취,30,g,,7
80,해물 채소장을 넣은 곰취 쌈밥,곰취쌈,소금,약간,,,7
81,해물 채소장을 넣은 곰취 쌈밥,해물채소장,조갯살,10,g,,7
82,해물 채소장을 넣은 곰취 쌈밥,해물채소장,새우살,10,g,,7
83,해물 채소장을 넣은 곰취 쌈밥,해물채소장,오징어살,15,g,,7
84,해물 채소장을 넣은 곰취 쌈밥,해물채소장,감자,18,g,1/6개,7
85,해물 채소장을 넣은 곰취 쌈밥,해물채소장,애호박,18,g,1/9개,7
86,해물 채소장을 넣은 곰취 쌈밥,해물채소장,양파,15,g,1/8개,7
87,해물 채소장을 넣은 곰취 쌈밥,해물채소장,청양고추,2,g,1/5개,7
88,해물 채소장을 넣은 곰취 쌈밥,해물채소장,표고버섯,5,g,1/2장,7
89,해물 채소장을 넣은 곰취 쌈밥,해물채소장,대파,2,g,1cm,7
90,해물 채소장을 넣은 곰취 쌈밥,해물채소장,마늘,3,g,1/2쪽,7
91,해물 채소장을 넣은 곰취 쌈밥,해물채소장,쌈장,10,g,2작은술,7
92,해물 채소장을 넣은 곰취 쌈밥,해물채소장,설탕,약간,,,7
93,해물 채소장을 넣은 곰취 쌈밥,해물채소장,참기름,약간,,,7
94,해물 채소장을 넣은 곰취 쌈밥,해물채소장,카놀라유,5,g,1작은술,7
95,해물 채소장을 넣은 곰취 쌈밥,해물채소장,고춧가루,약간,,,7
96,해물 채소장을 넣은 곰취 쌈밥,무초절임,무,65,g,6×5×2cm,7
97,해물 채소장을 넣은 곰취 쌈밥,무초절임,식초,30,g,2큰술,7
98,해물 채소장을 넣은 곰취 쌈밥,무초절임,설탕,15,g,1큰술,7
99,해물 채소장을 넣은 곰취 쌈밥,무초절임,물,50,ml,1/4컵,7
100,단호박 케일밥,단호박찰밥,찹쌀,100,g,,8
101,단호박 케일밥,단호박찰밥,밤,30,g,3개,8
102,단호박 케일밥,단호박찰밥,은행,20,g,8알,8
103,단호박 케일밥,단호박찰밥,잣,10,g,10알,8
104,단호박 케일밥,단호박찰밥,단호박,40,g,4×8cm,8
105,단호박 케일밥,단호박찰밥,대추,5,g,2개,8
106,단호박 케일밥,케일소스,케일이 쪄진 물,100,ml,1/2컵,8
107,단호박 케일밥,케일소스,설탕,15,g,1큰술,8
108,오색영양밥 롤,영양밥,찹쌀,100,g,,9
109,오색영양밥 롤,영양밥, 바지락,50,g,16개,9
110,오색영양밥 롤,영양밥,강낭콩,15,g,1큰술,9
111,오색영양밥 롤,영양밥,완두콩,15,g,1큰술,9
112,오색영양밥 롤,영양밥,메주콩,15,g,1큰술,9
113,오색영양밥 롤,오색준비,달걀,100,g,2개,9
114,오색영양밥 롤,오색준비,애호박,60,g,1/3개,9
115,오색영양밥 롤,오색준비,가지,40,g,1/4개,9
116,오색영양밥 롤,오색준비,당근,40,g,1/4개,9
117,오색영양밥 롤,오색준비,표고버섯,30,g,2장,9
118,오색영양밥 롤,호두 소스,다진 호두,10,g,2작은술,9
119,오색영양밥 롤,호두 소스,잣가루,2,g,1/3작은술,9
120,오색영양밥 롤,곁들임,치자가루,5,g,1작은술,9
121,오색영양밥 롤,곁들임,연근,6,g,1cm,9
122,오색영양밥 롤,곁들임,식초,5,g,1작은술,9
123,오색영양밥 롤,곁들임, 새싹채소,6,g,,9
124,새우 두부 계란찜,새우두부계란찜,연두부,75,g,3/4모,10
125,새우 두부 계란찜,새우두부계란찜,칵테일새우,20,g,5마리,10
126,새우 두부 계란찜,새우두부계란찜,달걀,30,g,1/2개,10
127,새우 두부 계란찜,새우두부계란찜,생크림,13,g,1큰술,10
128,새우 두부 계란찜,새우두부계란찜,설탕,5,g,1작은술,10
129,새우 두부 계란찜,고명,시금치,10,g,3줄기,10
130,부추 콩가루 찜,부추 콩가루 찜,조선부추,50,g,,11
131,부추 콩가루 찜,양념장,저염간장,3,g,2/3작은술,11
132,부추 콩가루 찜,양념장,다진 대파,5,g,1작은술,11
133,부추 콩가루 찜,양념장,다진 마늘,2,g,1/2쪽,11
134,부추 콩가루 찜,양념장,고춧가루,2,g,1/3작은술,11
135,부추 콩가루 찜,양념장,요리당,2,g,1/3작은술,11
136,부추 콩가루 찜,양념장,참기름,2,g,1/3작은술,11
137,부추 콩가루 찜,양념장,참깨,약간,,,11
138,연근 구기자 물김치,연근 손질,물,200,ml,1컵,12
139,연근 구기자 물김치,연근 구기자 물김치,동치미국물,40,g,2⅔큰술,12
140,연근 구기자 물김치,연근 구기자 물김치,연근,30,g,4cm,12
141,연근 구기자 물김치,연근 구기자 물김치,무 20,,g,3×3×1cm,12
142,연근 구기자 물김치,연근 구기자 물김치,사과,30,g,1/5개,12
143,연근 구기자 물김치,연근 구기자 물김치,배추,10,g,1장,12
144,연근 구기자 물김치,연근 구기자 물김치,구기자,10,g,5개,12
145,연근 구기자 물김치,연근 구기자 물김치,오이,5,g,2cm,12
146,연근 구기자 물김치,연근 구기자 물김치,돌미나리,5,g,,12
147,연근 구기자 물김치,연근 구기자 물김치,쪽파,5,g,,12
148,방울토마토 소박이,방울토마토 소박이,방울토마토,150,g,5개,13
149,방울토마토 소박이,방울토마토 소박이,양파,10,g,3×1cm,13
150,방울토마토 소박이,양념장,고춧가루,4,g,1작은술,13
151,방울토마토 소박이,양념장,멸치액젓,3,g,2/3작은술,13
152,방울토마토 소박이,양념장,다진 마늘,2.5,g,1/2쪽,13
153,방울토마토 소박이,양념장,매실액,2,g,1/3작은술,13
154,방울토마토 소박이,양념장,설탕,2,g,1/3작은술,13
155,방울토마토 소박이,양념장,물,2,ml,1/3작은술,13
156,방울토마토 소박이,양념장,통깨,약간,,,13
157,순두부 사과 소스 오이무침,오이무침,오이,70,g,1/3개,14
158,순두부 사과 소스 오이무침,순두부사과 소스,순두부,40,g,1/8봉지,14
159,순두부 사과 소스 오이무침,순두부사과 소스,사과,50,g,1/3개,14
160,사과 새우 북엇국,북엇국,북어채,25,g,15개,15
161,사과 새우 북엇국,북엇국,새우,10,g,3마리,15
162,사과 새우 북엇국,북엇국,사과,30,g,1/5개,15
163,사과 새우 북엇국,북엇국,양파,40,g,1/4개,15
164,사과 새우 북엇국,북엇국,표고버섯,20,g,2장,15
165,사과 새우 북엇국,북엇국,물,300,ml,1½컵,15
166,사탕절편 떡국,닭육수,닭,150,g,,16
167,사탕절편 떡국,닭육수,대파,15,g,7cm,16
168,사탕절편 떡국,닭육수,마늘,10,g,2쪽,16
169,사탕절편 떡국,닭육수,물,500,ml,2½컵,16
170,사탕절편 떡국,닭육수,깨,10,g,2작은술,16
171,사탕절편 떡국,닭육수,후추,약간,,,16
172,사탕절편 떡국,사탕절편,멥쌀가루,400,g,2컵,16
173,사탕절편 떡국,사탕절편,녹차가루,3,g,1작은술,16
174,사탕절편 떡국,사탕절편,백련초,3,g,1작은술,16
175,사탕절편 떡국,고명,쇠고기,50,g,,16
176,사탕절편 떡국,고명,애호박,20,g,2cm,16
177,사탕절편 떡국,고명,달걀,50,g,1개,16
178,사탕절편 떡국,고기양념,간장,2,g,1/3작은술,16
179,사탕절편 떡국,고기양념,참기름,5,g,1작은술,16
180,사탕절편 떡국,고기양념,소금,약간,,,16
181,두부 표고 완자탕,멸치육수,양파,20,g,1/6개,17
182,두부 표고 완자탕,멸치육수,멸치,15,g,7마리,17
183,두부 표고 완자탕,멸치육수,다진 마늘,10,g,2쪽,17
184,두부 표고 완자탕,멸치육수,파,10,g,5cm,17
185,두부 표고 완자탕,멸치육수,간장,4,g,1작은술,17
186,두부 표고 완자탕,멸치육수,식초,2,g,1/3작은술,17
187,두부 표고 완자탕,두부완자,두부,90,g,1/3모,17
188,두부 표고 완자탕,두부완자,달걀,25,g,1/2개,17
189,두부 표고 완자탕,두부완자,표고버섯,10,g,1장,17
190,두부 표고 완자탕,고명,표고버섯,10,g,1장,17
191,두부 표고 완자탕,고명,파,10,g,5cm,17
192,저염 된장으로 맛을 낸 황태해장국,황태해장국,황태(채),15,g,10개,18
193,저염 된장으로 맛을 낸 황태해장국,황태해장국,콩나물,30,g,1/6봉지,18
194,저염 된장으로 맛을 낸 황태해장국,황태해장국,무,30,g,5×3×2cm,18
195,저염 된장으로 맛을 낸 황태해장국,황태해장국,저염된장,10,g,2작은술,18
196,저염 된장으로 맛을 낸 황태해장국,황태해장국,물,300,ml,1½컵,18
197,저염 된장으로 맛을 낸 황태해장국,황태해장국,청양고추,5,g,1/2개,18
198,저염 된장으로 맛을 낸 황태해장국,황태해장국,다진 마늘,2,g,1/3작은술,18
199,된장국,된장국,두부,20,g,2×2×2cm,19
200,된장국,된장국,애느타리버섯,20,g,4가닥,19
201,된장국,된장국,감자,10,g,4×3×1cm,19
202,된장국,된장국,양파,10,g,2×1cm,19
203,된장국,된장국,대파,10,g,5cm,19
204,된장국,된장국,된장,5,g,1작은술,19
205,된장국,된장국,물,300,ml,1½컵,19
206,표고버섯 청경채국,멸치육수,국물용 멸치,5,g,3마리,20
207,표고버섯 청경채국,멸치육수,다시마,1,,장,20
208,표고버섯 청경채국,멸치육수, 양파,10,g,2×1cm,20
209,표고버섯 청경채국,멸치육수,표고버섯,,,기둥,20
210,표고버섯 청경채국,멸치육수,국간장,5,g,1작은술,20
211,표고버섯 청경채국,채소준비,청경채,20,g,1개,20
212,표고버섯 청경채국,채소준비,표고버섯,20,g,2장,20
213,표고버섯 청경채국,채소준비,다진 마늘,2,g,1/3작은술,20
214,치커리샐러드와 올리브 마늘 소스,치커리 샐러드,치커리,30,g,10줄기,21
215,치커리샐러드와 올리브 마늘 소스,치커리 샐러드,적양배추,15,g,5×3cm,21
216,치커리샐러드와 올리브 마늘 소스,치커리 샐러드,양파,10,g,2×1cm,21
217,치커리샐러드와 올리브 마늘 소스,치커리 샐러드,당근,5,g,3×1×1cm,21
218,치커리샐러드와 올리브 마늘 소스,올리브마늘 드레싱,올리브유,10,g,2작은술,21
219,치커리샐러드와 올리브 마늘 소스,올리브마늘 드레싱,식초,5,g,1작은술,21
220,치커리샐러드와 올리브 마늘 소스,올리브마늘 드레싱,설탕,5,g,1작은술,21
221,치커리샐러드와 올리브 마늘 소스,올리브마늘 드레싱,마늘,5,g,1쪽,21
222,구운가지 닭가슴살 샐러드와 들깨소스,구운 가지 닭가슴살 샐러드,닭가슴살,100,g,,22
223,구운가지 닭가슴살 샐러드와 들깨소스,구운 가지 닭가슴살 샐러드,가지,100,g,2/3개,22
224,구운가지 닭가슴살 샐러드와 들깨소스,구운 가지 닭가슴살 샐러드,잎채소,40,g,,22
225,구운가지 닭가슴살 샐러드와 들깨소스,들깨 드레싱,플레인요거트,80,g,1개,22
226,구운가지 닭가슴살 샐러드와 들깨소스,들깨 드레싱,양파,20,g,1/6개,22
227,구운가지 닭가슴살 샐러드와 들깨소스,들깨 드레싱,레몬즙,20,g,1⅓큰술,22
228,구운가지 닭가슴살 샐러드와 들깨소스,들깨 드레싱,꿀,30,g,2큰술,22
229,구운가지 닭가슴살 샐러드와 들깨소스,들깨 드레싱,들깨가루,10,g,2작은술,22
230,스트로베리 샐러드,스트로베리 샐러드,딸기,70,g,7개,23
231,스트로베리 샐러드,스트로베리 샐러드,플레인요거트,85,g,1개,23
232,스트로베리 샐러드,스트로베리 샐러드,양상추,70,g,2장,23
233,스트로베리 샐러드,스트로베리 샐러드,메추리알,30,g,3개,23
234,스트로베리 샐러드,스트로베리 샐러드,블루베리,15,g,1큰술,23
235,스트로베리 샐러드,스트로베리 샐러드,식초,약간,,,23
236,스트로베리 샐러드,스트로베리 샐러드,소금,약간,,,23
237,유자꿀드레싱을 곁들인 곤드레 단호박 크로켓 샐러드,저염리코타치즈,저지방우유,200,ml,1컵,24
238,유자꿀드레싱을 곁들인 곤드레 단호박 크로켓 샐러드,저염리코타치즈,생크림,30,g,2큰술,24
239,유자꿀드레싱을 곁들인 곤드레 단호박 크로켓 샐러드,곤드레단호박크로켓 샐러드,곤드레나물,40,g,,24
240,유자꿀드레싱을 곁들인 곤드레 단호박 크로켓 샐러드,곤드레단호박크로켓 샐러드,단호박,70,g,8ⅹ7cm,24
241,유자꿀드레싱을 곁들인 곤드레 단호박 크로켓 샐러드,곤드레단호박크로켓 샐러드,달걀,50,g,1개,24
242,유자꿀드레싱을 곁들인 곤드레 단호박 크로켓 샐러드,유자꿀 드레싱,유자청,45,g,3큰술,24
243,유자꿀드레싱을 곁들인 곤드레 단호박 크로켓 샐러드,유자꿀 드레싱,꿀,15,g,1큰술,24
244,유자꿀드레싱을 곁들인 곤드레 단호박 크로켓 샐러드,유자꿀 드레싱,식초,40,ml,2½큰술,24
245,유자꿀드레싱을 곁들인 곤드레 단호박 크로켓 샐러드,유자꿀 드레싱,물,30,ml,2큰술,24
246,시금치 우유 소스와 그린매쉬드포테이토,그린매쉬드포테이토,감자,80,g,1/2개,25
247,시금치 우유 소스와 그린매쉬드포테이토,그린매쉬드포테이토,시금치우유 소스,5,g,1작은술,25
248,시금치 우유 소스와 그린매쉬드포테이토,그린매쉬드포테이토,아몬드,2,g,1알,25
249,시금치 우유 소스와 그린매쉬드포테이토,그린매쉬드포테이토,설탕,2,g,1/3작은술,25
250,시금치 우유 소스와 그린매쉬드포테이토,그린매쉬드포테이토,크랜베리,3,g,,25
251,시금치 우유 소스와 그린매쉬드포테이토,그린매쉬드포테이토,치커리,약간,,,25
252,시금치 우유 소스와 그린매쉬드포테이토,시금치우유 소스,시금치,10,g,,25
253,시금치 우유 소스와 그린매쉬드포테이토,시금치우유 소스,우유,10,g,2작은술,25
254,모과 소스를 곁들인 채소두부,채소두부,두부,100,g,1/3모,26
255,모과 소스를 곁들인 채소두부,채소두부,양상추,40,g,1장,26
256,모과 소스를 곁들인 채소두부,채소두부,방울토마토,40,g,4개,26
257,모과 소스를 곁들인 채소두부,채소두부,치커리,10,g,3줄기,26
258,모과 소스를 곁들인 채소두부,채소두부,적양배추,10,g,3×3cm,26
259,모과 소스를 곁들인 채소두부,채소두부,잣,5,g,5알,26
260,모과 소스를 곁들인 채소두부,채소두부,새싹채소,15,g,,26
261,모과 소스를 곁들인 채소두부,모과 드레싱,모과원액,50,g,3⅓큰술,26
262,모과 소스를 곁들인 채소두부,모과 드레싱,배,30,g,1/8개,26
263,모과 소스를 곁들인 채소두부,모과 드레싱,식초,35,g,2⅓큰술,26
264,모과 소스를 곁들인 채소두부,모과 드레싱,레몬즙,20,g,1⅓큰술,26
265,모과 소스를 곁들인 채소두부,모과 드레싱,설탕,7,g,1/2큰술,26
266,모과 소스를 곁들인 채소두부,모과 드레싱,청피망,2,g,1/3작은술,26
267,모과 소스를 곁들인 채소두부,모과 드레싱,빨강 파프리카,2,g,1/3작은술,26
268,버섯구이와 두부타르타르 소스,버섯구이,새송이버섯,70,g,7개,27
269,버섯구이와 두부타르타르 소스,두부타르타르 소스,연두부,30,g,1/4모,27
270,버섯구이와 두부타르타르 소스,두부타르타르 소스,다진 양파,10,g,2작은술,27
271,버섯구이와 두부타르타르 소스,두부타르타르 소스,다진 오이피클,10,g,2작은술,27
272,버섯구이와 두부타르타르 소스,두부타르타르 소스,올리브유,2,g,1/3작은술,27
273,버섯구이와 두부타르타르 소스,두부타르타르 소스,식초,5,g,1작은술,27
274,버섯구이와 두부타르타르 소스,두부타르타르 소스,레몬즙,3,g,2/3작은술,27
275,버섯구이와 두부타르타르 소스,두부타르타르 소스,머스터드,3,g,2/3작은술,27
276,버섯구이와 두부타르타르 소스,두부타르타르 소스,꿀,2,g,1/3작은술,27
277,버섯구이와 두부타르타르 소스,두부타르타르 소스,흰 후추,약간,,,27
278,새우살 두부완자 샐러드와 매실 생강 소스,새우살 두부완자,두부,60,g,1/6모,28
279,새우살 두부완자 샐러드와 매실 생강 소스,새우살 두부완자,새우살,30,g,7마리,28
280,새우살 두부완자 샐러드와 매실 생강 소스,새우살 두부완자,빵가루,12,g,1큰술,28
281,새우살 두부완자 샐러드와 매실 생강 소스,새우살 두부완자,다진 빨강 파프리카,5,g,1작은술,28
282,새우살 두부완자 샐러드와 매실 생강 소스,새우살 두부완자,부추,2,g,1줄기,28
283,새우살 두부완자 샐러드와 매실 생강 소스,새우살 두부완자,소금,약간,,,28
284,새우살 두부완자 샐러드와 매실 생강 소스,새우살 두부완자,올리브유,약간,,,28
285,새우살 두부완자 샐러드와 매실 생강 소스,곁들임,새싹채소,10,g,,28
286,새우살 두부완자 샐러드와 매실 생강 소스,매실생강 드레싱,매실액,40,g,2⅔큰술,28
287,새우살 두부완자 샐러드와 매실 생강 소스,매실생강 드레싱,생강즙,5,g,1작은술,28
288,새우살 두부완자 샐러드와 매실 생강 소스,매실생강 드레싱,물,20,ml,1⅓큰술,28
289,구운채소와 간장레몬 소스,구운채소,가지,20,g,3cm,29
290,구운채소와 간장레몬 소스,구운채소,호박,50,g,1/3개,29
291,구운채소와 간장레몬 소스,구운채소,양파,15,g,1/8개,29
292,구운채소와 간장레몬 소스,구운채소,발사믹크레마,15,g,1큰술,29
293,구운채소와 간장레몬 소스,구운채소,빨강 파프리카,3,g,3×1cm,29
294,구운채소와 간장레몬 소스,구운채소,노랑 파프리카,3,g,3×1cm,29
295,구운채소와 간장레몬 소스,구운채소,청피망,3,g,3×1cm,29
296,구운채소와 간장레몬 소스,구운채소,올리브유,약간,,,29
297,구운채소와 간장레몬 소스,구운채소,저염간장,5,g,1작은술,29
298,구운채소와 간장레몬 소스,간장 레몬 소스,식초,15,g,1큰술,29
299,구운채소와 간장레몬 소스,간장 레몬 소스,설탕,10,g,1큰술,29
300,구운채소와 간장레몬 소스,간장 레몬 소스,레몬즙,5,g,1작은술,29
301,브로콜리 컬리플라워 샐러드와 두유 요거트 소스,브로콜리컬리플라워 샐러드,브로콜리,40,g,1/5송이,30
302,브로콜리 컬리플라워 샐러드와 두유 요거트 소스,브로콜리컬리플라워 샐러드,컬리플라워,40,g,1/3송이,30
303,브로콜리 컬리플라워 샐러드와 두유 요거트 소스,브로콜리컬리플라워 샐러드,적양파,10,g,2×1cm,30
304,브로콜리 컬리플라워 샐러드와 두유 요거트 소스,브로콜리컬리플라워 샐러드,강낭콩,5,g,1작은술,30
305,브로콜리 컬리플라워 샐러드와 두유 요거트 소스,브로콜리컬리플라워 샐러드,건포도,5,,알,30
306,브로콜리 컬리플라워 샐러드와 두유 요거트 소스,브로콜리컬리플라워 샐러드,호두,1,,/2알,30
307,브로콜리 컬리플라워 샐러드와 두유 요거트 소스,브로콜리컬리플라워 샐러드,소금,약간,,,30
308,브로콜리 컬리플라워 샐러드와 두유 요거트 소스,두유요거트 소스,두유,50,g,3⅓큰술,30
309,브로콜리 컬리플라워 샐러드와 두유 요거트 소스,두유요거트 소스,플레인요거트,20,g,1⅓큰술,30
310,브로콜리 컬리플라워 샐러드와 두유 요거트 소스,두유요거트 소스,레몬즙,5,g,1작은술,30
311,브로콜리 컬리플라워 샐러드와 두유 요거트 소스,두유요거트 소스,설탕,약간,,,30
312,비빔 메밀냉채,곁들임,빨강 파프리카,45,g,1/3개,31
313,비빔 메밀냉채,곁들임,주황 파프리카,45,g,1/3개,31
314,비빔 메밀냉채,곁들임,당근,20,g,5×3×2cm,31
315,비빔 메밀냉채,곁들임,오이,20,g,4cm,31
316,비빔 메밀냉채,곁들임,깻잎,4,g,2장,31
317,비빔 메밀냉채,곁들임,적양배추,15,g,3×2×1cm,31
318,비빔 메밀냉채,냉채소스,겨자가루,50,g,3⅓큰술,31
319,비빔 메밀냉채,냉채소스,식초,125,g,2/3컵,31
320,비빔 메밀냉채,냉채소스,설탕,10,g,2작은술,31
321,비빔 메밀냉채,냉채소스,저염간장,10,g,2작은술,31
322,비빔 메밀냉채,냉채소스,소금,약간,,,31
323,약재 소스를 곁들인 닭가슴살롤,닭가슴살롤,닭가슴살,100,g,,32
324,약재 소스를 곁들인 닭가슴살롤,닭가슴살롤,우유,100,g,1/2컵,32
325,약재 소스를 곁들인 닭가슴살롤,닭가슴살롤,찹쌀,50,g,,32
326,약재 소스를 곁들인 닭가슴살롤,닭가슴살롤,참기름,5,g,1작은술,32
327,약재 소스를 곁들인 닭가슴살롤,닭가슴살롤,소금,약간,,,32
328,약재 소스를 곁들인 닭가슴살롤,닭가슴살롤,밤,20,g,2알,32
329,약재 소스를 곁들인 닭가슴살롤,약재 소스,대추,10,g,4개,32
330,약재 소스를 곁들인 닭가슴살롤,약재 소스,황기,10,g,,32
331,약재 소스를 곁들인 닭가슴살롤,약재 소스,감자전분,15,g,1큰술,32
332,약재 소스를 곁들인 닭가슴살롤,약재 소스,간장,15,g,1큰술,32
333,약재 소스를 곁들인 닭가슴살롤,약재 소스,쌀뜨물,500,ml,2½컵,32
334,약재 소스를 곁들인 닭가슴살롤,약재 소스,소금,약간,,,32
335,사과 레몬 대구 구이,대구구이,대구(손질된 것),90,g,2토막,33
336,사과 레몬 대구 구이,대구구이,밀가루,10,g,2작은술,33
337,사과 레몬 대구 구이,사과레몬 소스,사과,50,g,1/3개,33
338,사과 레몬 대구 구이,사과레몬 소스,레몬즙,25,g,1⅔큰술,33
339,사과 레몬 대구 구이,사과레몬 소스,후추,약간,,,33
340,사과 레몬 대구 구이,곁들임,사과,10,g,1/2쪽,33
341,사과 레몬 대구 구이,곁들임,레몬,15,g,1쪽,33
342,유자 소스 동태살 구이,동태살 구이,동태살,60,g,2토막,34
343,유자 소스 동태살 구이,동태살 구이,올리브유,8,g,1⅔작은술,34
344,유자 소스 동태살 구이,동태살 구이,식초,10,g,2작은술,34
345,유자 소스 동태살 구이,동태살 구이,바질,약간,,,34
346,유자 소스 동태살 구이,곁들임,청피망,10,g,1/8개,34
347,유자 소스 동태살 구이,곁들임,홍피망,10,g,1/8개,34
348,유자 소스 동태살 구이,곁들임,미니새송이버섯,20,g,2개,34
349,유자 소스 동태살 구이,곁들임,양파,20,g,1/6개,34
350,유자 소스 동태살 구이,곁들임,당근,10,g,5×3×1cm,34
351,유자 소스 동태살 구이,곁들임,호박,10,g,폭5×두께1cm,34
352,유자 소스 동태살 구이,곁들임,올리브유,약간,,,34
353,유자 소스 동태살 구이,유자 소스,유자청,20,g,1⅓큰술,34
354,유자 소스 동태살 구이,발사믹 소스,발사믹식초,20,g,1⅓큰술,34
355,유자 소스 동태살 구이,발사믹 소스,물,10,ml,2작은술,34
356,비네그레트 드레싱을 이용한 관자요리,관자구이,조개관자,100,g,3개,35
357,비네그레트 드레싱을 이용한 관자요리,비네그레트 드레싱,올리브유,15,g,1큰술,35
358,비네그레트 드레싱을 이용한 관자요리,비네그레트 드레싱,레몬즙,10,g,2작은술,35
359,비네그레트 드레싱을 이용한 관자요리,비네그레트 드레싱,다진 마늘,5,g,1쪽,35
360,비네그레트 드레싱을 이용한 관자요리,비네그레트 드레싱,빨강 파프리카,10,g,1/10개,35
361,비네그레트 드레싱을 이용한 관자요리,비네그레트 드레싱,노랑 파프리카,10,g,1/10개,35
362,비네그레트 드레싱을 이용한 관자요리,비네그레트 드레싱,청 피망,10,g,1/8개,35
363,비네그레트 드레싱을 이용한 관자요리,비네그레트 드레싱,양파,10,g,1/8개,35
364,비네그레트 드레싱을 이용한 관자요리,비네그레트 드레싱,홍초,7,g,1/2큰술,35
365,비네그레트 드레싱을 이용한 관자요리,비네그레트 드레싱,설탕,5,g,1작은술,35
366,비네그레트 드레싱을 이용한 관자요리,비네그레트 드레싱,핫소스,5,g,1작은술,35
367,비네그레트 드레싱을 이용한 관자요리,비네그레트 드레싱,흰 후추,약간,,,35
368,비네그레트 드레싱을 이용한 관자요리,비네그레트 드레싱,바질,약간,,,35
369,곤드레도우와 레몬허니 소스 피자,토핑,곤드레나물,30,g,,36
370,곤드레도우와 레몬허니 소스 피자,토핑,피자치즈,30,g,2큰술,36
371,곤드레도우와 레몬허니 소스 피자,토핑,리코타치즈,100,g,,36
372,곤드레도우와 레몬허니 소스 피자,토핑,파인애플,40,g,링1/2개,36
373,곤드레도우와 레몬허니 소스 피자,토핑,단호박,50,g,8×5cm,36
374,곤드레도우와 레몬허니 소스 피자,토핑,느타리버섯,50,g,6가닥,36
375,곤드레도우와 레몬허니 소스 피자,토핑,올리브유,약간,,,36
376,곤드레도우와 레몬허니 소스 피자,곤드레도우,곤드레나물,20,g,,36
377,곤드레도우와 레몬허니 소스 피자,곤드레도우,중력분,150,g,,36
378,곤드레도우와 레몬허니 소스 피자,레몬허니 소스,꿀,30,g,2큰술,36
379,곤드레도우와 레몬허니 소스 피자,레몬허니 소스,레몬즙,15,g,1큰술,36
380,청국장 실곤약 파스타,실곤약 국수,실곤약,150,g,,37
381,청국장 실곤약 파스타,실곤약 국수,노랑 파프리카,20,g,1/6개,37
382,청국장 실곤약 파스타,실곤약 국수,빨강 파프리카,20,g,1/6개,37
383,청국장 실곤약 파스타,실곤약 국수,당근,20,g,5×3×2cm,37
384,청국장 실곤약 파스타,실곤약 국수,느타리버섯,20,g,3가닥,37
385,청국장 실곤약 파스타,실곤약 국수,청고추,6,g,1/2개,37
386,청국장 실곤약 파스타,실곤약 양념,청국장가루,3,g,2/3작은술,37
387,청국장 실곤약 파스타,실곤약 양념,올리브유,10,g,2작은술,37
388,청국장 실곤약 파스타,실곤약 양념,다진 마늘,5,g,1작은술,37
389,청국장 실곤약 파스타,실곤약 양념,저염간장,6,g,1작은술,37
390,청국장 실곤약 파스타,실곤약 양념,후추,약간,,,37
391,청국장 실곤약 파스타,곁들임,새싹채소,6,g,,37
392,청국장 실곤약 파스타,곁들임,어린잎채소,2,g,,37
393,고소하고 담백한 너트국수,콩국물,검은콩,120,g,1컵,38
394,고소하고 담백한 너트국수,콩국물,땅콩,30,g,15알,38
395,고소하고 담백한 너트국수,콩국물,참깨,10,g,2작은술,38
396,고소하고 담백한 너트국수,콩국물,잣,20,g,20알,38
397,고소하고 담백한 너트국수,국수반죽,중력분,250,g,,38
398,고소하고 담백한 너트국수,국수반죽,물,75,ml,5큰술,38
399,고소하고 담백한 너트국수,국수반죽,소금,약간,,,38
400,고소하고 담백한 너트국수,고명,달걀,50,g,1개,38
401,고소하고 담백한 너트국수,고명,오이,20,g,1/7개,38
402,고소하고 담백한 너트국수,고명,방울토마토,30,g,3개,38
403,메밀꽃 필 국수,튀김,마,50,g,5×5cm,39
404,메밀꽃 필 국수,튀김,호박고구마,50,g,1/3개,39
405,메밀꽃 필 국수,튀김,메밀가루,약간,,,39
406,메밀꽃 필 국수,멸치육수,무,125,g,5×5×4cm,39
407,메밀꽃 필 국수,멸치육수, 다시마,20,g,10×10cm,39
408,메밀꽃 필 국수,멸치육수, 멸치,20,g,8마리,39
409,메밀꽃 필 국수,멸치육수,사과,50,g,1/4개,39
410,메밀꽃 필 국수,멸치육수,배,50,g,1/5개,39
411,메밀꽃 필 국수,멸치육수,양파,50,g,1/3개,39
412,메밀꽃 필 국수,멸치육수,마늘,10,g,2쪽,39
413,메밀꽃 필 국수,멸치육수,저염간장,20,g,1⅓큰술,39
414,메밀꽃 필 국수,멸치육수,감초액,15,g,1큰술,39
415,메밀꽃 필 국수,멸치육수,유부,약간,,,39
416,메밀꽃 필 국수,고명,홍고추,3,g,1/4개,39
417,메밀꽃 필 국수,고명,대파,약간,,,39
418,적양배추 순두부 푸딩,순두부 푸딩,순두부,50,g,1/6봉지,40
419,적양배추 순두부 푸딩,순두부 푸딩,우유,75,g,5큰술,40
420,적양배추 순두부 푸딩,순두부 푸딩,생크림,25,g,1⅔큰술,40
421,적양배추 순두부 푸딩,순두부 푸딩,꿀,35,g,2⅓큰술,40
422,적양배추 순두부 푸딩,순두부 푸딩,판젤라틴,2,,장,40
423,적양배추 순두부 푸딩,순두부 푸딩,바닐라에센스,약간,,,40
424,적양배추 순두부 푸딩,적양배추 푸딩,적양배추,100,g,10×5cm 8장,40
425,적양배추 순두부 푸딩,적양배추 푸딩,꿀 35g(2⅓,,큰술,,40
426,적양배추 순두부 푸딩,라즈베리 소스,라즈베리,8,g,1큰술,40
427,적양배추 순두부 푸딩,라즈베리 소스,설탕,50,g,5큰술,40
428,적양배추 순두부 푸딩,라즈베리 소스,물,100,ml,1/2컵,40
429,적양배추 순두부 푸딩,곁들임,애플민트,약간,,,40
430,청포묵을 이용한 사과오렌지 젤리,사과오렌지 젤리,사과,200,g,1개,41
431,청포묵을 이용한 사과오렌지 젤리,사과오렌지 젤리,오렌지,200,g,1개,41
432,청포묵을 이용한 사과오렌지 젤리,사과오렌지 젤리,청포묵 가루,30,g,2큰술,41
433,청포묵을 이용한 사과오렌지 젤리,사과오렌지 젤리,물,100,ml,1/2컵,41
434,청포묵을 이용한 사과오렌지 젤리,사과오렌지 젤리,플레인 요거트,100,g,1개,41
435,오렌지 당근펀치,오렌지 당근펀치,당근,100,g,1/2개,42
436,오렌지 당근펀치,오렌지 당근펀치,오렌지,100,g,1/2개,42
437,오렌지 당근펀치,오렌지 당근펀치,물,50,ml,1/4컵,42
438,누룽지 요거트 파르페,요거트파르페,오렌지,40,g,1/5개,43
439,누룽지 요거트 파르페,요거트파르페,사과,30,g,1/5개,43
440,누룽지 요거트 파르페,요거트파르페,요거트,200,g,1컵,43
441,누룽지 요거트 파르페,요거트파르페,블루베리,30,g,2큰술,43
442,채소 자장면,중화면 200g 소스,감자,80,g,1/2개,44
443,채소 자장면,중화면 200g 소스,양파,80,g,1/3개,44
444,채소 자장면,중화면 200g 소스,애호박,30,g,1/2개,44
445,채소 자장면,중화면 200g 소스,검은콩,2,g,1/2작은술,44
446,채소 자장면,중화면 200g 소스,새송이버섯,30,g,3개,44
447,채소 자장면,중화면 200g 소스,옥수수통조림,10,g,2작은술,44
448,채소 자장면,중화면 200g 소스,설탕,20,g,1½큰술,44
449,채소 자장면,중화면 200g 소스,저염간장,15,g,1큰술,44
450,채소 자장면,중화면 200g 소스,자장분말,30,g,2큰술,44
451,채소 자장면,장식,오이,30,g,1/5개,44
452,채소 자장면,장식,완두콩,10,g,2작은술,44
453,칠곡석류국수,주재료,소면,160,g,,45
454,칠곡석류국수,주재료,저염소금,4,g,1작은술,45
455,칠곡석류국수,주재료,식초,8,g,1/2작은술,45
456,칠곡석류국수,소스,석류,200,g,1/2개,45
457,칠곡석류국수,장식,잣,4,g,1작은술,45
458,칠곡석류국수,장식,아몬드,4,g,1작은술,45
459,칠곡석류국수,장식,해바라기씨,4,g,1작은술,45
460,칠곡석류국수,장식,호두,4,g,1작은술,45
461,칠곡석류국수,장식,호박씨,4,g,1작은술,45
462,칠곡석류국수,장식,오이,20,g,1/4개,45
463,세 가지 소스의 파스타,주재료,스파게티(삶은 것),160,g,,46
464,세 가지 소스의 파스타,근대소스,근대,60,g,1/2개,46
465,세 가지 소스의 파스타,근대소스,마늘,10,g,2개,46
466,세 가지 소스의 파스타,근대소스,양파,40,g,1/4개,46
467,세 가지 소스의 파스타,근대소스,올리브오일,10,g,,46
468,세 가지 소스의 파스타,흑임자 연두부소스,생크림,80,g,,46
469,세 가지 소스의 파스타,흑임자 연두부소스,흑임자,2,g,,46
470,세 가지 소스의 파스타,흑임자 연두부소스,연두부,40,g,1/10모,46
471,세 가지 소스의 파스타,파프리카 토마토소스,홍파프리카,100,g,1/2개,46
472,세 가지 소스의 파스타,파프리카 토마토소스,마늘,10,g,2개,46
473,세 가지 소스의 파스타,파프리카 토마토소스,양파,40,g,1/4개,46
474,세 가지 소스의 파스타,파프리카 토마토소스,토마토,60,g,1/2개,46
475,세 가지 소스의 파스타,파프리카 토마토소스,올리브오일,10,g,,46
476,세 가지 소스의 파스타,파프리카 토마토소스,우유,200,g,1컵,46
477,블랙빈 곤약국수,주재료,실곤약,440,g,,47
478,블랙빈 곤약국수,주재료,검은콩,70,g,,47
479,블랙빈 곤약국수,주재료,볶은 흑임자,6,g,1작은술,47
480,블랙빈 곤약국수,장식,오이,20,g,1/8개,47
481,블랙빈 곤약국수,장식,토마토,50,g,1/2개,47
482,블랙빈 곤약국수,장식,달걀,50,g,1개,47
483,닭가슴살 브로콜리 만두,주재료,만두피,4,g,2장,48
484,닭가슴살 브로콜리 만두,주재료,브로콜리,100,g,1/4개,48
485,닭가슴살 브로콜리 만두,주재료,숙주,100,g,,48
486,닭가슴살 브로콜리 만두,주재료,표고버섯,20,g,2개,48
487,닭가슴살 브로콜리 만두,주재료,닭 가슴살,100,g,,48
488,닭가슴살 브로콜리 만두,주재료,참기름,2,g,1/2작은술,48
489,닭가슴살 브로콜리 만두,주재료,저염간장,4,g,1작은술,48
490,닭가슴살 브로콜리 만두,주재료,소금,0.5,g,,48
491,닭가슴살 브로콜리 만두,주재료,후춧가루,0.1,g,,48
492,구운고등어 & 감자수제비 파스타,주재료,감자,300,g,2개,49
493,구운고등어 & 감자수제비 파스타,주재료,시금치,40,g,,49
494,구운고등어 & 감자수제비 파스타,주재료,비트,20,g,1/4개,49
495,구운고등어 & 감자수제비 파스타,주재료,오징어먹물,2,g,1/2작은술,49
496,구운고등어 & 감자수제비 파스타,주재료,밀가루,200,g,1컵,49
497,구운고등어 & 감자수제비 파스타,주재료,달걀,120,g,2개,49
498,구운고등어 & 감자수제비 파스타,소스,다진 양파,40,g,1/4개,49
499,구운고등어 & 감자수제비 파스타,소스,생크림,300,g,1½컵,49
500,구운고등어 & 감자수제비 파스타,소스,우유,200,g,1컵,49
501,구운고등어 & 감자수제비 파스타,소스,넛맥,0.2,g,,49
502,구운고등어 & 감자수제비 파스타,소스,파마산치즈가루,30,g,2큰술,49
503,구운고등어 & 감자수제비 파스타,구운고등어,고등어,600,g,1마리,49
504,구운고등어 & 감자수제비 파스타,구운고등어,올리브오일,10,g,,49
505,두유 파스타,주재료 페투치네 120g 소스,올리브오일,2,g,,50
506,두유 파스타,주재료 페투치네 120g 소스,양파,40,g,1/4개,50
507,두유 파스타,주재료 페투치네 120g 소스,두유,400,g,2컵,50
508,두유 파스타,장식,파마산치즈가루,30,g,2큰술,50
509,두유 파스타,장식,실파,2,g,,50
510,두유 파스타,장식,마늘,40,g,8개,50
511,김치필라프 크런치롤,주재료,김치,10,g,,51
512,김치필라프 크런치롤,주재료,달걀,150,g,3개,51
513,김치필라프 크런치롤,주재료,베이컨,20,g,2장,51
514,김치필라프 크런치롤,주재료,빵가루,15,g,1큰술,51
515,김치필라프 크런치롤,주재료,적채,5,g,,51
516,김치필라프 크런치롤,주재료,밀가루,5,g,1작은술,51
517,김치필라프 크런치롤,주재료,쌀밥,80,g,1/3컵,51
518,김치필라프 크런치롤,주재료,양상추,35,g,1/6개,51
519,김치필라프 크런치롤,주재료,양파,10,g,,51
520,김치필라프 크런치롤,주재료,치즈,18,g,1장,51
521,김치필라프 크런치롤,소스,설탕,1,g,,51
522,김치필라프 크런치롤,소스,식초,1,g,,51
523,김치필라프 크런치롤,소스,저염간장,3,g,1/2개,51
524,김치필라프 크런치롤,소스,유자청,1,g,,51
525,김치필라프 크런치롤,소스,다진 청고추,2.5,g,,51
526,김치필라프 크런치롤,소스,다진 홍고추,2.5,g,,51
527,굴 쌈밥,굴영양쌈밥,찹쌀,30,g,2큰술,52
528,굴 쌈밥,굴영양쌈밥,멥쌀,15,g,1큰술,52
529,굴 쌈밥,굴영양쌈밥,밤,10,g,2개,52
530,굴 쌈밥,굴영양쌈밥,대추,2,g,1개,52
531,굴 쌈밥,굴영양쌈밥,은행,3,g,1개,52
532,굴 쌈밥,굴영양쌈밥,단호박,10,g,,52
533,굴 쌈밥,굴영양쌈밥,깻잎,2,g,2장,52
534,굴 쌈밥,굴영양쌈밥,건다시마,0.5,g,,52
535,굴 쌈밥,배추김치말이,배추김치,10,g,,52
536,굴 쌈밥,배추김치말이,저염햄,5,g,,52
537,굴 쌈밥,배추김치말이,저염치즈,10,g,1/2장,52
538,굴 쌈밥,배추김치말이,홍고추,5,g,1/2개,52
539,굴 쌈밥,쌈장소스,된장,2,g,,52
540,굴 쌈밥,쌈장소스,고추장,1,g,,52
541,굴 쌈밥,쌈장소스,다시마물,8,g,1½작은술,52
542,굴 쌈밥,쌈장소스,들깨가루,2,g,,52
543,굴 쌈밥,쌈장소스,땅콩가루,1,g,,52
544,굴 쌈밥,쌈장소스,다진 청양고추,1,g,,52
545,굴 쌈밥,쌈장소스,다진 파,0.5,g,,52
546,굴 쌈밥,쌈장소스,물엿,0.5,g,,52
547,함초 냉이 국수,주재료 소면 50g 육수,함초,3,g,1/2작은술,53
548,함초 냉이 국수,주재료 소면 50g 육수,노루궁뎅이버섯,25,g,1/2개,53
549,함초 냉이 국수,주재료 소면 50g 육수,다시마,17,g,15cm,53
550,함초 냉이 국수,주재료 소면 50g 육수,파,140,g,1/2개,53
551,함초 냉이 국수,주재료 소면 50g 육수,양파,150,g,1/2개,53
552,함초 냉이 국수,주재료 소면 50g 육수,무,250,g,1/3개,53
553,함초 냉이 국수,주재료 소면 50g 육수,모시조개,150,g,3/4컵,53
554,함초 냉이 국수,주재료 소면 50g 육수,냉이,35,g,,53
555,함초 냉이 국수,장식,달걀,50,g,1개,53
556,함초 냉이 국수,장식,청고추,20,g,1개,53
557,함초 냉이 국수,장식,실고추,2,g,,53
558,흑두부 버섯비빔밥,주재료,쌀,90,g,1/2컵,54
559,흑두부 버섯비빔밥,주재료,찹쌀,10,g,2작은술,54
560,흑두부 버섯비빔밥,주재료,흑두부,45,g,1/4모,54
561,흑두부 버섯비빔밥,주재료,생표고버섯,15,g,2장,54
562,흑두부 버섯비빔밥,주재료,느타리버섯,30,g,,54
563,흑두부 버섯비빔밥,주재료,애느타리버섯,20,g,,54
564,흑두부 버섯비빔밥,주재료,새송이버섯,20,g,,54
565,흑두부 버섯비빔밥,주재료,양파,20,g,,54
566,흑두부 버섯비빔밥,주재료,황금팽이버섯,10,g,,54
567,흑두부 버섯비빔밥,주재료,팽이버섯,10,g,,54
568,흑두부 버섯비빔밥,주재료,홍파프리카,10,g,1/8개,54
569,흑두부 버섯비빔밥,주재료,황파프리카,10,g,1/8개,54
570,흑두부 버섯비빔밥,주재료,청파프리카,10,g,1/8개,54
571,흑두부 버섯비빔밥,양념고추장,저염스모크햄,10,g,3cm,54
572,흑두부 버섯비빔밥,양념고추장,베이컨,10,g,1장,54
573,흑두부 버섯비빔밥,양념고추장,백태,10,g,2작은술,54
574,흑두부 버섯비빔밥,양념고추장,참기름,10,g,2작은술,54
575,흑두부 버섯비빔밥,양념고추장,물엿,10,g,2작은술,54
576,흑두부 버섯비빔밥,양념고추장,고추장,10,g,2작은술,54
577,흑두부 버섯비빔밥,양념고추장,참깨,5,g,2작은술,54
578,하수오 구기자 밥 & 참나물 양념장,주재료,쌀,240,g,1컵,55
579,하수오 구기자 밥 & 참나물 양념장,주재료,베이컨,20,g,2장,55
580,하수오 구기자 밥 & 참나물 양념장,주재료,후랑크소시지,20,g,1개,55
581,하수오 구기자 밥 & 참나물 양념장,주재료,연근,40,g,1/4개,55
582,하수오 구기자 밥 & 참나물 양념장,주재료,당근,30,g,1/5개,55
583,하수오 구기자 밥 & 참나물 양념장,주재료,우엉,40,g,1/4개,55
584,하수오 구기자 밥 & 참나물 양념장,주재료,고구마,20,g,1/5개,55
585,하수오 구기자 밥 & 참나물 양념장,육수,하수오,3,g,,55
586,하수오 구기자 밥 & 참나물 양념장,겉절이 양념장,참나물,10,g,,55
587,하수오 구기자 밥 & 참나물 양념장,겉절이 양념장,풋고추,6,g,1작은술,55
588,하수오 구기자 밥 & 참나물 양념장,겉절이 양념장,홍고추,6,g,1작은술,55
589,하수오 구기자 밥 & 참나물 양념장,겉절이 양념장,양파,10,g,2작은술,55
590,하수오 구기자 밥 & 참나물 양념장,겉절이 양념장,마늘,12,g,3개,55
591,하수오 구기자 밥 & 참나물 양념장,겉절이 양념장,저염간장,10,g,2작은술,55
592,하수오 구기자 밥 & 참나물 양념장,겉절이 양념장,들기름,5,g,1작은술,55
593,하수오 구기자 밥 & 참나물 양념장,겉절이 양념장,고춧가루,0.2,g,,55
594,하수오 구기자 밥 & 참나물 양념장,겉절이 양념장,참깨,0.2,g,,55
595,참치해초비빔밥 & 비트절임,주재료,청양고추,6,g,1/3개,56
596,참치해초비빔밥 & 비트절임,주재료,베이컨,40,g,4장,56
597,참치해초비빔밥 & 비트절임,주재료,새싹,20,g,,56
598,참치해초비빔밥 & 비트절임,주재료,쌀밥,300,g,1½컵,56
599,참치해초비빔밥 & 비트절임,주재료,오이,40,g,1/4개,56
600,참치해초비빔밥 & 비트절임,주재료,오징어,20,g,1/4개,56
601,참치해초비빔밥 & 비트절임,주재료,해초,80,g,,56
602,참치해초비빔밥 & 비트절임,주재료,홍합,40,g,10개,56
603,참치해초비빔밥 & 비트절임,주재료,볶은 참깨,2,g,,56
604,참치해초비빔밥 & 비트절임,비트절임소스,청양고추,10,g,1개,56
605,참치해초비빔밥 & 비트절임,비트절임소스,날치알,10,g,2작은술,56
606,참치해초비빔밥 & 비트절임,비트절임소스,레몬,2,g,,56
607,참치해초비빔밥 & 비트절임,비트절임소스,마늘,10,g,2개,56
608,참치해초비빔밥 & 비트절임,비트절임소스,무,50,g,1/4개,56
609,참치해초비빔밥 & 비트절임,비트절임소스,비트,10,g,2작은술,56
610,참치해초비빔밥 & 비트절임,비트절임소스,설탕,40,g,3큰술,56
611,참치해초비빔밥 & 비트절임,비트절임소스,양조식초,40,g,3큰술,56
612,참치해초비빔밥 & 비트절임,비트절임소스,양파,20,g,1/8개,56
613,참치해초비빔밥 & 비트절임,비트절임소스,오이,10,g,1/8개,56
614,참치해초비빔밥 & 비트절임,비트절임소스,참기름,20,g,1½큰술,56
615,참치해초비빔밥 & 비트절임,비트절임소스,통후추,2,g,,56
616,유자 묵화반,주재료,녹두묵,10,g,,57
617,유자 묵화반,주재료,청포묵,10,g,,57
618,유자 묵화반,주재료,달걀,10,g,,57
619,유자 묵화반,주재료,당근,10,g,3cm,57
620,유자 묵화반,주재료,도토리묵,10,g,,57
621,유자 묵화반,주재료,멥쌀,200,g,1컵,57
622,유자 묵화반,주재료,시금치,30,g,,57
623,유자 묵화반,주재료,양파,30,g,,57
624,유자 묵화반,주재료,저염베이컨,30,g,3개,57
625,유자 묵화반,주재료,참나물,30,g,,57
626,유자 묵화반,주재료,표고버섯,20,g,2개,57
627,유자 묵화반,양념장,다진 홍고추,2,g,,57
628,유자 묵화반,양념장,다진 청양고추,2,g,,57
629,유자 묵화반,양념장,고춧가루,2,g,,57
630,유자 묵화반,양념장,유자청,2,g,,57
631,유자 묵화반,양념장,저염간장,20,g,1½큰술,57
632,유자 묵화반,양념장,맛술,20,g,1½큰술,57
633,롤 삼계탕,주재료,마,30,g,1/4개,58
634,롤 삼계탕,주재료,대추,20,g,10개,58
635,롤 삼계탕,주재료,은행,35,g,25개,58
636,롤 삼계탕,주재료,단호박,40,g,1/8개,58
637,롤 삼계탕,주재료,아스파라거스,15,g,1/3개,58
638,롤 삼계탕,주재료,영콘,20,g,1개,58
639,롤 삼계탕,주재료,마늘,10,g,2개,58
640,롤 삼계탕,육수,닭,550,g,1마리,58
641,롤 삼계탕,육수,파,15,g,1큰술,58
642,롤 삼계탕,육수,마늘,15,g,3개,58
643,된장 두부찌개,주재료,두부,320,g,1모,59
644,된장 두부찌개,주재료,쌀뜨물,300,g,1½컵,59
645,된장 두부찌개,주재료,돼지고기,100,g,,59
646,된장 두부찌개,주재료,김치,140,g,,59
647,된장 두부찌개,주재료,된장,20,g,1½큰술,59
648,된장 두부찌개,주재료,청양고추,10,g,1/2개,59
649,된장 두부찌개,주재료,홍고추,5,g,1/4개,59
650,된장 두부찌개,주재료,대파,10,g,2cm,59
651,된장 두부찌개,주재료,고춧가루,5,g,1작은술,59
652,부대된장찌개,주재료,다시마,1,g,,60
653,부대된장찌개,주재료,두부,10,g,,60
654,부대된장찌개,주재료,떡국 떡,10,g,,60
655,부대된장찌개,주재료,스팸(마일드),10,g,,60
656,부대된장찌개,주재료,다진 마늘,5,g,,60
657,부대된장찌개,주재료,무,20,g,,60
658,부대된장찌개,주재료,김치,15,g,,60
659,부대된장찌개,주재료,소시지,10,g,1/2개,60
660,부대된장찌개,주재료,우민찌,5,g,1작은술,60
661,부대된장찌개,주재료,양파,5,g,,60
662,부대된장찌개,주재료,저염된장,15,g,1큰술,60
663,부대된장찌개,주재료,베이컨,5,g,,60
664,부대된장찌개,주재료,대파,5,g,,60
665,부대된장찌개,주재료,청양고추,5,g,,60
666,부대된장찌개,주재료,홍고추,1,g,,60
667,청국장 가루 된장찌개,주재료,두부,60,g,1/4모,61
668,청국장 가루 된장찌개,주재료,감자,60,g,1/3개,61
669,청국장 가루 된장찌개,주재료,표고버섯,40,g,4개,61
670,청국장 가루 된장찌개,주재료,저염된장,20,g,1큰술,61
671,청국장 가루 된장찌개,주재료,청국장가루,20,g,1큰술,61
672,청국장 가루 된장찌개,주재료,대파,10,g,3cm,61
673,청국장 가루 된장찌개,주재료,쥬키니호박,20,g,1/4개,61
674,청국장 가루 된장찌개,주재료,팽이버섯,5,g,,61
675,청국장 가루 된장찌개,주재료,마늘,5,g,1개,61
676,청국장 가루 된장찌개,주재료,풋고추,5,g,1/2개,61
677,청국장 가루 된장찌개,주재료,홍고추,5,g,1/2개,61
678,청국장 가루 된장찌개,육수,다시마,5,g,3cm,61
679,청국장 가루 된장찌개,육수,다시멸치,10,g,2개,61
680,청국장 가루 된장찌개,육수,무,40,g,4cm,61
681,청국장 가루 된장찌개,육수,양파,40,g,1/3개,61
682,월남쌈우동면 & 저염토마토소스,주재료,라이스페이퍼,10,g,4장,62
683,월남쌈우동면 & 저염토마토소스,주재료,백김치,100,g,,62
684,월남쌈우동면 & 저염토마토소스,주재료,닭 가슴살,100,g,,62
685,월남쌈우동면 & 저염토마토소스,주재료,부추,50,g,,62
686,월남쌈우동면 & 저염토마토소스,저염토마토소스,마늘,10,g,2개,62
687,월남쌈우동면 & 저염토마토소스,저염토마토소스,사과,80,g,,62
688,월남쌈우동면 & 저염토마토소스,저염토마토소스,양파,60,g,,62
689,월남쌈우동면 & 저염토마토소스,저염토마토소스,레드와인,10,g,2작은술,62
690,월남쌈우동면 & 저염토마토소스,저염토마토소스,토마토,200,g,1개,62
691,월남쌈우동면 & 저염토마토소스,저염토마토소스,핫 소스,10,g,2작은술,62
692,월남쌈우동면 & 저염토마토소스,저염토마토소스,레몬즙,5,g,1작은술,62
693,월남쌈우동면 & 저염토마토소스,저염토마토소스,후춧가루,5,g,1작은술,62
694,고구마 무스와 칠리야채 말이,주재료,당근,45,g,1/3개,63
695,고구마 무스와 칠리야채 말이,주재료,피망,45,g,1/3개,63
696,고구마 무스와 칠리야채 말이,주재료,양파,45,g,1/7개,63
697,고구마 무스와 칠리야채 말이,주재료,밀가루,70,g,1/3컵,63
698,고구마 무스와 칠리야채 말이,주재료,피스타치오,10,g,10개,63
699,고구마 무스와 칠리야채 말이,주재료,칠리소스,45,g,3큰술,63
700,고구마 무스와 칠리야채 말이,고구마무스,고구마,80,g,1½개,63
701,고구마 무스와 칠리야채 말이,고구마무스,우유,30,g,2큰술,63
702,고구마 무스와 칠리야채 말이,고구마무스,꿀,10,g,2작은술,63
703,닭가슴살 오꼬노미야끼,주재료,카놀라유,2,g,,64
704,닭가슴살 오꼬노미야끼,주재료,달걀,60,g,1개,64
705,닭가슴살 오꼬노미야끼,주재료,닭 가슴살,40,g,,64
706,닭가슴살 오꼬노미야끼,주재료,마요네즈,5,g,1작은술,64
707,닭가슴살 오꼬노미야끼,주재료,천일염,0.2,g,,64
708,닭가슴살 오꼬노미야끼,주재료,숙주나물,40,g,,64
709,닭가슴살 오꼬노미야끼,주재료,양배추,30,g,1/10개,64
710,닭가슴살 오꼬노미야끼,주재료,양파,10,g,1cm,64
711,닭가슴살 오꼬노미야끼,주재료,흰 후춧가루,0.01,g, ,64
712,닭가슴살 오꼬노미야끼,소스,데리야끼소스,5,g,,64
713,닭가슴살 오꼬노미야끼,장식,쪽파,2,g,,64
714,제육볶음 또띠아 피자,주재료,양배추,130,g,1개,65
715,제육볶음 또띠아 피자,주재료,양파,150,g,1개,65
716,제육볶음 또띠아 피자,주재료,청피망,150,g,1개,65
717,제육볶음 또띠아 피자,주재료,올리브오일,5,g,1작은술,65
718,제육볶음 또띠아 피자,주재료,돼지고기,40,g,,65
719,제육볶음 또띠아 피자,주재료,또띠아,130,g,1½개,65
720,제육볶음 또띠아 피자,주재료,저염치즈,30,g,,65
721,제육볶음 또띠아 피자,제육양념,고추장,25,g,2큰술,65
722,제육볶음 또띠아 피자,제육양념,꿀,10,g,1½작은술,65
723,제육볶음 또띠아 피자,제육양념,볶은 깨,1.5,g,,65
724,제육볶음 또띠아 피자,제육양념,참기름,10,g,1½작은술,65
725,제육볶음 또띠아 피자,제육양념,다진 마늘,3,g,,65
726,제육볶음 또띠아 피자,제육양념,식초,10,g,1½작은술,65
727,치즈 크러스트 튜나,주재료,참치,80,g,,66
728,치즈 크러스트 튜나,주재료,바질,4,g,3잎,66
729,치즈 크러스트 튜나,주재료,발사믹크림,10,g,1작은술,66
730,치즈 크러스트 튜나,주재료,아스파라거스,40,g,3개,66
731,치즈 크러스트 튜나,주재료,올리브오일,6,g,1작은술,66
732,치즈 크러스트 튜나,주재료,버터,15,g,1큰술,66
733,치즈 크러스트 튜나,주재료,그라나파다노 치즈,40,g,,66
734,치즈 크러스트 튜나,주재료,후추,2,g,1/2작은술,66
735,치즈 크러스트 튜나,부재료,영콘,5,g,,66
736,치즈 크러스트 튜나,부재료,은행,5,g,1알,66
737,치즈 크러스트 튜나,부재료,방울토마토,20,g,2개,66
738,치즈 크러스트 튜나,부재료,당근,5,g,1/30개,66
739,건강 돼지 보쌈,주재료,목살,100,g,,67
740,건강 돼지 보쌈,주재료,마늘,10,g,2개,67
741,건강 돼지 보쌈,주재료,저염된장,10,g,,67
742,건강 돼지 보쌈,주재료,대파,25,g,1개,67
743,건강 돼지 보쌈,주재료,양파,10,g,1/15개,67
744,건강 돼지 보쌈,주재료,청주,15,g,1큰술,67
745,건강 돼지 보쌈,주재료,생강,10,g,1/2개,67
746,건강 돼지 보쌈,부재료,부추,25,g,,67
747,건강 돼지 보쌈,부재료,홍파프리카,10,g,1/15개,67
748,건강 돼지 보쌈,부재료,황파프리카,10,g,1/15개,67
749,건강 돼지 보쌈,된장소스,양파즙,10,g,2작은술,67
750,건강 돼지 보쌈,된장소스,사과즙,10,g,2작은술,67
751,건강 돼지 보쌈,된장소스,배즙,30,g,2큰술,67
752,건강 돼지 보쌈,된장소스,저염된장,10,g,2작은술,67
753,건강 돼지 보쌈,된장소스,다진 마늘,10,g,2작은술,67
754,건강 돼지 보쌈,된장소스,매실청,10,g,2작은술,67
755,건강 돼지 보쌈,된장소스,참기름,5,g,1작은술,67
756,건강 돼지 보쌈,된장소스,깨소금,3,g,1/2작은술,67
757,오색 완자탕수,주재료,당근,10,g,1/12개,68
758,오색 완자탕수,주재료,돼지고기 등심,160,g,,68
759,오색 완자탕수,주재료,마늘즙,5,g,1작은술,68
760,오색 완자탕수,주재료,생강즙,5,g,1작은술,68
761,오색 완자탕수,주재료,식용유,10,g,2작은술,68
762,오색 완자탕수,주재료,양파,10,g,1/30개,68
763,오색 완자탕수,주재료,찹쌀떡,40,g,3개,68
764,오색 완자탕수,주재료,후춧가루,2,g,1/2작은술,68
765,오색 완자탕수,주재료,저염소금,5,g,1작은술,68
766,오색 완자탕수,주재료,머스터드,10,g,1/2큰술,68
767,오색 완자탕수,소스,물엿,20,g,4작은술,68
768,오색 완자탕수,소스,저염간장,5,g,1작은술,68
769,오색 완자탕수,장식,코코넛가루,5,g,1작은술,68
770,오색 완자탕수,장식,시금치가루,2,g,1/2작은술,68
771,오색 완자탕수,장식,복분자가루,2,g,1/2작은술,68
772,오색 완자탕수,장식,볶은 흑임자가루,5,g,1작은술,68
773,오색 완자탕수,장식,볶은 참깨가루,5,g,1작은술,68
774,두부 카나페,주재료,두부,100,g,1/3모,69
775,두부 카나페,주재료,느타리버섯,30,g,6개,69
776,두부 카나페,주재료,감자,40,g,1/4개,69
777,두부 카나페,주재료,곰피,10,g,,69
778,두부 카나페,주재료,레몬즙,5,g,1작은술,69
779,두부 카나페,주재료,식용유,10,g,1½작은술,69
780,두부 카나페,주재료,파프리카,20,g,1/10개,69
781,두부 카나페,소스,레몬즙,5,g,1작은술,69
782,두부 카나페,소스,매실액,10,g,1/2큰술,69
783,두부 카나페,소스,유자청,25,g,1½큰술,69
784,양배추감자전,주재료,감자,100,g,1개,70
785,양배추감자전,주재료,양배추,150,g,1/2개,70
786,양배추감자전,주재료,당근,15,g,1/10개,70
787,양배추감자전,주재료,두부,20,g,1/20모,70
788,양배추감자전,주재료,돼지고기,30,g,,70
789,양배추감자전,주재료,청양고추,5,g,1개,70
790,양배추감자전,주재료,부침가루,45,g,3큰술,70
791,양배추감자전,주재료,달걀,60,g,1개,70
792,양배추감자전,소스,오렌지즙,15,g,1큰술,70
793,양배추감자전,소스,간장,2,g,1/2작은술,70
794,양배추감자전,소스,식초,10,g,2작은술,70
795,비트를 곁들인 돼지 구이,주재료,샬롯,70,g,5개,71
796,비트를 곁들인 돼지 구이,주재료,건고추,5,g,1개,71
797,비트를 곁들인 돼지 구이,주재료,당근,30,g,1/4개,71
798,비트를 곁들인 돼지 구이,주재료,삼겹살,350,g,,71
799,비트를 곁들인 돼지 구이,주재료,마늘,5,g,1개,71
800,비트를 곁들인 돼지 구이,주재료,설탕,30,g,2큰술,71
801,비트를 곁들인 돼지 구이,주재료,양송이버섯,70,g,3개,71
802,비트를 곁들인 돼지 구이,주재료,오렌지주스,400,g,2컵,71
803,비트를 곁들인 돼지 구이,주재료,월계수잎,2,g,1개,71
804,비트를 곁들인 돼지 구이,주재료,청경채,70,g,,71
805,비트를 곁들인 돼지 구이,주재료,청주,150,g,¾컵,71
806,비트를 곁들인 돼지 구이,주재료,후춧가루,2,g,1/2작은술,71
807,비트를 곁들인 돼지 구이,비트졸임,비트,30,g,,71
808,비트를 곁들인 돼지 구이,비트졸임,식초,60,g,4큰술,71
809,비트를 곁들인 돼지 구이,소스,발사믹식초,50,g,1/4컵,71
810,비트를 곁들인 돼지 구이,소스,꿀,30,g,2큰술,71
811,비트를 곁들인 돼지 구이,소스,아몬드,10,g,3개,71
812,비트를 곁들인 돼지 구이,소스,샬롯,30,g,2개,71
813,비트를 곁들인 돼지 구이,소스,마늘,5,g,1개,71
814,비트를 곁들인 돼지 구이,소스,오렌지,140,g,1/2개,71
815,발사믹 비네그레트를 이용한 쿠스쿠스 샐러드,쿠스쿠스,쿠스쿠스,20,g,,72
816,발사믹 비네그레트를 이용한 쿠스쿠스 샐러드,쿠스쿠스,노랑 파프리카,10,g,1/8개,72
817,발사믹 비네그레트를 이용한 쿠스쿠스 샐러드,쿠스쿠스,빨강,,,파프리카10g,72
818,발사믹 비네그레트를 이용한 쿠스쿠스 샐러드,쿠스쿠스,청피망,10,g,1/8개,72
819,발사믹 비네그레트를 이용한 쿠스쿠스 샐러드,쿠스쿠스,후추,3,g,1/2작은술,72
820,발사믹 비네그레트를 이용한 쿠스쿠스 샐러드,쿠스쿠스,방울토마토,10,g,1개,72
821,발사믹 비네그레트를 이용한 쿠스쿠스 샐러드,쿠스쿠스샐러드 볼,빨강 파프리카,40,g,1/3개,72
822,발사믹 비네그레트를 이용한 쿠스쿠스 샐러드,쿠스쿠스샐러드 볼,노랑 파프리카,40,g,1/3개,72
823,발사믹 비네그레트를 이용한 쿠스쿠스 샐러드,쿠스쿠스샐러드 볼,청피망30g,1,,/3개 ,72
824,발사믹 비네그레트를 이용한 쿠스쿠스 샐러드,홍합육수,홍합,30,g,10개,72
825,발사믹 비네그레트를 이용한 쿠스쿠스 샐러드,홍합육수,마늘,10,g,2쪽,72
826,발사믹 비네그레트를 이용한 쿠스쿠스 샐러드,발사믹 비네그레트 소스,발사믹식초,5,g,1작은술,72
827,발사믹 비네그레트를 이용한 쿠스쿠스 샐러드,발사믹 비네그레트 소스,올리브유,15,g,1큰술,72
828,찹쌀버섯탕수와 블루베리 소스,버섯탕수,양송이버섯,20,g,1개,73
829,찹쌀버섯탕수와 블루베리 소스,버섯탕수,새송이버섯,15,g,1/4개,73
830,찹쌀버섯탕수와 블루베리 소스,버섯탕수,표고버섯,15,g,1장,73
831,찹쌀버섯탕수와 블루베리 소스,버섯탕수,느타리버섯,15,g,2가닥,73
832,찹쌀버섯탕수와 블루베리 소스,버섯탕수,감자전분,20,g,1⅓큰술,73
833,찹쌀버섯탕수와 블루베리 소스,버섯탕수,찹쌀가루,10,g,2작은술,73
834,찹쌀버섯탕수와 블루베리 소스,블루베리 소스,블루베리,5,g,,73
835,찹쌀버섯탕수와 블루베리 소스,블루베리 소스,홍초,25,g,1⅔큰술,73
836,찹쌀버섯탕수와 블루베리 소스,블루베리 소스,설탕,5,g,1작은술,73
837,찹쌀버섯탕수와 블루베리 소스,블루베리 소스,식용유,10,g,2작은술,73
838,찹쌀버섯탕수와 블루베리 소스,블루베리 소스,물,100,ml,1/2컵,73
839,찹쌀버섯탕수와 블루베리 소스,블루베리 소스,파인애플,5,g,3cm,73
840,찹쌀버섯탕수와 블루베리 소스,블루베리 소스, 빨강 파프리카,5,g,3×1cm,73
841,찹쌀버섯탕수와 블루베리 소스,블루베리 소스,주황 파프리카,5,g,3×1cm,73
842,찹쌀버섯탕수와 블루베리 소스,블루베리 소스,청피망,5,g,,73
843,찹쌀버섯탕수와 블루베리 소스,블루베리 소스, 양파,5,g,3×1cm,73
844,찹쌀버섯탕수와 블루베리 소스,녹말물,감자전분,15,g,1큰술,73
845,찹쌀버섯탕수와 블루베리 소스,녹말물,물,100,ml,1/2컵,73
846,레몬 소스를 곁들인 채소크로켓,채소크로켓,감자,150,g,1개,74
847,레몬 소스를 곁들인 채소크로켓,채소크로켓,양송이버섯,45,g,2개,74
848,레몬 소스를 곁들인 채소크로켓,채소크로켓,달걀,50,g,1개,74
849,레몬 소스를 곁들인 채소크로켓,채소크로켓,양파,20,g,1/5개,74
850,레몬 소스를 곁들인 채소크로켓,채소크로켓,당근,20,g,1/5개,74
851,레몬 소스를 곁들인 채소크로켓,채소크로켓,밀가루,10,g,2작은술,74
852,레몬 소스를 곁들인 채소크로켓,채소크로켓,빵가루,10,g,2작은술,74
853,레몬 소스를 곁들인 채소크로켓,채소크로켓,식용유,400,ml,2컵,74
854,레몬 소스를 곁들인 채소크로켓,채소크로켓,새싹채소,약간,,,74
855,레몬 소스를 곁들인 채소크로켓,레몬 소스,레몬,1,,개,74
856,레몬 소스를 곁들인 채소크로켓,레몬 소스,설탕,20,g,1⅓큰술,74
857,삼겹살 토마토 로메스코소스,삼결살롤,삼겹살,100,g,,75
858,삼겹살 토마토 로메스코소스,삼결살롤, 밤콩,15,g,1큰술,75
859,삼겹살 토마토 로메스코소스,삼결살롤,완두콩,15,g,1큰술,75
860,삼겹살 토마토 로메스코소스,단호박무스,단호박,40,g,4×8cm,75
861,삼겹살 토마토 로메스코소스,단호박무스,양파,10,g,5×3×1cm,75
862,삼겹살 토마토 로메스코소스,토마토로메스코 소스,토마토,150,g,1개,75
863,삼겹살 토마토 로메스코소스,토마토로메스코 소스,노랑 파프리카,25,g,1/3개,75
864,삼겹살 토마토 로메스코소스,토마토로메스코 소스,빨강 파프리카,25,g,1/3개,75
865,삼겹살 토마토 로메스코소스,토마토로메스코 소스,양파,25,g,1/5개,75
866,삼겹살 토마토 로메스코소스,토마토로메스코 소스,당근,10,g,5×3×1cm,75
867,삼겹살 토마토 로메스코소스,토마토로메스코 소스,마늘,15,g,3쪽,75
868,삼겹살 토마토 로메스코소스,토마토로메스코 소스,아몬드,25,g,10알,75
869,삼겹살 토마토 로메스코소스,토마토로메스코 소스,마른 홍고추,5,g,1개,75
870,삼겹살 토마토 로메스코소스,토마토로메스코 소스,올리브유,10,g,2작은술,75
871,삼겹살 토마토 로메스코소스,토마토로메스코 소스,식빵,1,,조각,75
872,삼겹살 토마토 로메스코소스,토마토로메스코 소스,후추,약간,,,75
873,머쉬룸 치킨 브리또,브리또,닭가슴살,30,g,,76
874,머쉬룸 치킨 브리또,브리또,느타리버섯,20,g,3가닥,76
875,머쉬룸 치킨 브리또,브리또,토마토,20,g,1/10개,76
876,머쉬룸 치킨 브리또,브리또,양상추,15,g,1/3장,76
877,머쉬룸 치킨 브리또,브리또,오이,20,g,3cm,76
878,머쉬룸 치킨 브리또,브리또,양파,15,g,1/8개,76
879,머쉬룸 치킨 브리또,브리또,빨강 파프리카,20,g,1/6개,76
880,머쉬룸 치킨 브리또,브리또,노랑 파프리카,20,g,1/6개,76
881,머쉬룸 치킨 브리또,브리또,올리브유,15,g,1큰술,76
882,머쉬룸 치킨 브리또,브리또,또띠아,1,,장,76
883,머쉬룸 치킨 브리또,브리또,소금,약간,,,76
884,머쉬룸 치킨 브리또,브리또,후추,약간,,,76
885,머쉬룸 치킨 브리또,레몬요거트 소스,플레인요거트,30,g,2큰술,76
886,머쉬룸 치킨 브리또,레몬요거트 소스,레몬즙,5,g,1작은술,76
887,우둔살 쌈,쇠우둔살쌈,쇠우둔살,250,g,,77
888,우둔살 쌈,쇠우둔살쌈,깻잎,10,g,5장,77
889,우둔살 쌈,쇠우둔살쌈,소금,약간,,,77
890,우둔살 쌈,보리된장 소스,보리된장,20,g,1⅓큰술,77
891,우둔살 쌈,보리된장 소스,파인애플,10,g,5cm,77
892,우둔살 쌈,보리된장 소스,파인애플즙,5,g,1작은술,77
893,우둔살 쌈,보리된장 소스,레몬즙,3,g,2/3작은술,77
894,라따뚜이 고구마 스틱과 수란의 만남,고구마 스틱,고구마,50,g,1/3개,78
895,라따뚜이 고구마 스틱과 수란의 만남,고구마 스틱,식용유,300,g,1½컵,78
896,라따뚜이 고구마 스틱과 수란의 만남,라따뚜이,가지,30,g,4cm,78
897,라따뚜이 고구마 스틱과 수란의 만남,라따뚜이,양파,30,g,1/4개,78
898,라따뚜이 고구마 스틱과 수란의 만남,라따뚜이,애호박,30,g,3cm,78
899,라따뚜이 고구마 스틱과 수란의 만남,라따뚜이,마늘,5,g,1쪽,78
900,라따뚜이 고구마 스틱과 수란의 만남,라따뚜이,토마토 페이스트,15,g,1큰술,78
901,라따뚜이 고구마 스틱과 수란의 만남,수란,물,1,,,78
902,라따뚜이 고구마 스틱과 수란의 만남,수란, 달걀,50,g,1개,78
903,라따뚜이 고구마 스틱과 수란의 만남,수란,식용유,약간,,,78
904,누룽지 카나페,잡곡누룽지,잡곡밥,210,g,1공기,79
905,누룽지 카나페,카나페,흑두부,100,g,1/3모,79
906,누룽지 카나페,카나페,미니새송이버섯,30,g,2개,79
907,누룽지 카나페,카나페,청양고추,20,g,2개,79
908,누룽지 카나페,카나페,당근,30,g,1/5개,79
909,누룽지 카나페,카나페,부추,20,g,,79
910,누룽지 카나페,카나페,식용유,10,g,2작은술,79
911,누룽지 카나페,카나페,소금,약간,,,79
912,누룽지 카나페,카나페,후추,약간,,,79
913,누룽지 카나페,간장소스,간장,45,g,3큰술,79
914,누룽지 카나페,간장소스,설탕,20,g,2큰술,79
915,누룽지 카나페,간장소스,맛술,30,g,2큰술,79
916,누룽지 카나페,간장소스,마늘,5,g,1쪽,79
917,와인두부를 이용한 저염 치즈 요거트 카나페,와인두부,두부,20,g,,80
918,와인두부를 이용한 저염 치즈 요거트 카나페,와인두부,레드와인,10,ml,2작은술,80
919,와인두부를 이용한 저염 치즈 요거트 카나페,와인두부,박력분,30,g,2큰술,80
920,와인두부를 이용한 저염 치즈 요거트 카나페,와인두부,설탕,5,g,1작은술,80
921,와인두부를 이용한 저염 치즈 요거트 카나페,와인두부,달걀,10,g,1/5개,80
922,와인두부를 이용한 저염 치즈 요거트 카나페,와인두부,검정깨,2,g,1/3작은술,80
923,와인두부를 이용한 저염 치즈 요거트 카나페,와인두부,소금,약간,,,80
924,와인두부를 이용한 저염 치즈 요거트 카나페,치즈 소스,저염치즈,30,g,2큰술,80
925,와인두부를 이용한 저염 치즈 요거트 카나페,곁들임,방울토마토,30,g,3개,80
926,와인두부를 이용한 저염 치즈 요거트 카나페,곁들임,비타민,5,g,,80
927,돌나물 샐러드,돌나물 샐러드,돌나물,90,g,,81
928,돌나물 샐러드,돌나물 샐러드,미니새송이버섯,60,g,7개,81
929,돌나물 샐러드,돌나물 샐러드,참기름,약간,,,81
930,돌나물 샐러드,레몬마요네즈 소스,마요네즈,10,g,2작은술,81
931,돌나물 샐러드,레몬마요네즈 소스,레몬즙,20,g,1⅓큰술,81
932,돌나물 샐러드,레몬마요네즈 소스,청양고추,5,g,1/2개,81
933,돌나물 샐러드,레몬마요네즈 소스,홍고추,5,g,1/2개,81
934,돌나물 샐러드,레몬마요네즈 소스,참기름,약간,,,81
935,유자 얼갈이 배추김치,주재료,미나리,70,g,,82
936,유자 얼갈이 배추김치,주재료,얼갈이배추,200,g,1개,82
937,유자 얼갈이 배추김치,주재료,천일염,10,g,2작은술,82
938,유자 얼갈이 배추김치,주재료,배,50,g,1/6개,82
939,유자 얼갈이 배추김치,육수,쇠고기(홍두깨살),20,g,5cm,82
940,유자 얼갈이 배추김치,육수,다시마,10,g,10cm,82
941,유자 얼갈이 배추김치,육수,마늘,5,g,1개,82
942,유자 얼갈이 배추김치,육수,대파,10,g,1/3개,82
943,유자 얼갈이 배추김치,소스,갓,35,g,,82
944,유자 얼갈이 배추김치,소스,홍고추,50,g,5개,82
945,유자 얼갈이 배추김치,소스,사과,50,g,1/4개,82
946,유자 얼갈이 배추김치,소스,배,50,g,1/4개,82
947,유자 얼갈이 배추김치,소스,생강,10,g,,82
948,유자 얼갈이 배추김치,소스,마늘,10,g,2개,82
949,유자 얼갈이 배추김치,소스,식초,30,g,2큰술,82
950,유자 얼갈이 배추김치,소스,양파,30,g,1/6개,82
951,유자 얼갈이 배추김치,소스,유자,50,g,1/4개,82
952,유자 얼갈이 배추김치,소스,청각,15,g,10cm,82
953,유자 얼갈이 배추김치,소스,대파,10,,1/3개,82
954,전복김치,주재료,배추,100,g,1/6개,83
955,전복김치,주재료,참전복,100,g,2마리,83
956,전복김치,주재료,쪽파,25,g,5개,83
957,전복김치,주재료,레몬(껍질),20,g,1/5개,83
958,전복김치,육수,함초,100,g,1/2컵,83
959,전복김치,육수,생강,10,g,,83
960,전복김치,양념장,고춧가루,25,g,2큰술,83
961,전복김치,양념장,멸치가루,100,g,1/2컵,83
962,전복김치,양념장,멸치액젓,25,g,2큰술,83
963,전복김치,양념장,새우젓,5,g,1작은술,83
964,전복김치,양념장,다진 마늘,20,g,1⅓큰술,83
965,전복김치,양념장,찹쌀가루,15,g,1큰술,83
966,전복김치,양념장,순무,70,g,,83
967,단호박 들깨 꽁치조림,주재료,꽁치,160,g,1/2마리,84
968,단호박 들깨 꽁치조림,주재료,감자,80,g,1/2개,84
969,단호박 들깨 꽁치조림,주재료,느타리버섯,60,g,10개,84
970,단호박 들깨 꽁치조림,주재료,레몬즙,2,g,1/2작은술,84
971,단호박 들깨 꽁치조림,주재료,단호박,30,g,1/10개,84
972,단호박 들깨 꽁치조림,조림양념,멸치육수,300,g,1½컵,84
973,단호박 들깨 꽁치조림,조림양념,생강즙,2,g,1/2작은술,84
974,단호박 들깨 꽁치조림,조림양념,다진 마늘,20,g,1½큰술,84
975,단호박 들깨 꽁치조림,조림양념,간장,5,g,1작은술,84
976,단호박 들깨 꽁치조림,조림양념,들깨가루,50,g,1/4컵,84
977,단호박 들깨 꽁치조림,장식,대파,10,g,1/3개,84
978,단호박 들깨 꽁치조림,장식,청양고추,10,g,1개,84
979,단호박 들깨 꽁치조림,장식,팽이버섯,10,g,1/10개,84
980,카레장,주재료,감자,100,g,1/2개,85
981,카레장,주재료,백김치,60,g,1/5포기,85
982,카레장,주재료,판 두부,140,g,1/2모,85
983,카레장,주재료,다진 마늘,20,g,1½큰술,85
984,카레장,주재료,멸치육수,400,g,2컵,85
985,카레장,주재료,우민찌,50,g,1/4컵,85
986,카레장,주재료,양파,40,g,1/4개,85
987,카레장,주재료,청국장,50,g,1/4컵,85
988,카레장,주재료,고추기름,10,g,2작은술,85
989,카레장,장식,대파,5,g,1/5개,85
990,카레장,장식,청양고추,10,g,1개,85
991,동태 백김치 말이,주재료,백김치,20,g,1장,86
992,동태 백김치 말이,주재료,깻잎,2,g,2장,86
993,동태 백김치 말이,주재료,동태포,60,g,2장,86
994,동태 백김치 말이,주재료,부추,10,g,,86
995,동태 백김치 말이,주재료,샐러리,5,g,6cm,86
996,동태 백김치 말이,주재료,쪽파,10,g,,86
997,동태 백김치 말이,주재료,황파프리카,10,g,1/10개,86
998,동태 백김치 말이,주재료,후춧가루,0.1,g, ,86
999,동태 백김치 말이,소스,비트,0.5,g,,86
1000,동태 백김치 말이,소스,오미자원액,5,g,1작은술,86
1001,동태 백김치 말이,소스,백김치 국물,5,g,1작은술,86
1002,꽈리고추 명태찜,주재료,명태코다리,160,g,1/2마리,87
1003,꽈리고추 명태찜,주재료,무,60,g,1/10개,87
1004,꽈리고추 명태찜,주재료,양파,20,g,1/8개,87
1005,꽈리고추 명태찜,주재료,꽈리고추,60,g,6개,87
1006,꽈리고추 명태찜,주재료,홍피망,20,g,1/5개,87
1007,꽈리고추 명태찜,주재료,황파프리카,20,g,1/5개,87
1008,꽈리고추 명태찜,조림양념,저염간장,10,g,2작은술,87
1009,꽈리고추 명태찜,조림양념,카레가루(매운맛),5,g,1작은술,87
1010,꽈리고추 명태찜,조림양념,백물엿,5,g,1작은술,87
1011,꽈리고추 명태찜,조림양념,흰설탕,5,g,1작은술,87
1012,꽈리고추 명태찜,조림양념,다진 파,5,g,,87
1013,꽈리고추 명태찜,조림양념,카놀라유,2,g,1/2작은술,87
1014,꽈리고추 명태찜,조림양념,다진 마늘,2,g,1/2작은술,87
1015,꽈리고추 명태찜,조림양념,미향,2,g,1/2작은술,87
1016,꽈리고추 명태찜,조림양념,다진 생강,0.1,g,,87
1017,꽈리고추 명태찜,조림양념,후춧가루,0.1,g,,87
1018,비트물김치,주재료,배추,15,g,1장,88
1019,비트물김치,주재료,무,5,g,2cm,88
1020,비트물김치,주재료,비트,10,g,2cm,88
1021,비트물김치,주재료,오이,10,g,3cm,88
1022,비트물김치,주재료,생강,2,g,1cm,88
1023,비트물김치,주재료,마늘,2,g,1개,88
1024,비트물김치,주재료,쪽파,5,g,12cm,88
1025,비트물김치,주재료,청양고추,2,g,1/5개,88
1026,비트물김치,주재료,홍고추,2,g,1/5개,88
1027,비트물김치,주재료,당근,5,g,1cm,88
1028,비트물김치,주재료,저염소금,1.5,g,,88
1029,비트물김치,육수,파뿌리,15,g,1개,88
1030,비트물김치,육수,파,5,g,,88
1031,비트물김치,육수,마늘,10,g,2개,88
1032,비트물김치,육수,다시마,10,g,,88
1033,비트물김치,육수,무,30,g,,88
1034,석류 보쌈김치,주재료,배추,70,g,1/10개,89
1035,석류 보쌈김치,주재료,석류즙,10,g,2작은술,89
1036,석류 보쌈김치,주재료,소금,5,g,1/2작은술,89
1037,석류 보쌈김치,양념,무,10,g,3cm,89
1038,석류 보쌈김치,양념,미나리,10,g,,89
1039,석류 보쌈김치,양념,쪽파,10,g,1개,89
1040,석류 보쌈김치,양념,다진 마늘,5,g,1작은술,89
1041,석류 보쌈김치,양념,다진 생강,5,g,1작은술,89
1042,석류 보쌈김치,양념,새우젓국,15,g,1큰술,89
1043,사과진피 코다리조림,주재료,코다리,240,g,1/2마리,90
1044,사과진피 코다리조림,조림장,다시마,2,g,2cm,90
1045,사과진피 코다리조림,조림장,사과,30,g,1/4개,90
1046,사과진피 코다리조림,조림장,진피,5,g,1작은술,90
1047,사과진피 코다리조림,조림장,유자청,30,g,2큰술,90
1048,사과진피 코다리조림,조림장,저염간장,15,g,1큰술,90
1049,사과진피 코다리조림,조림장,레드와인,20,g,1⅓큰술,90
1050,사과진피 코다리조림,조림장,청주,20,g,1⅓큰술,90
1051,사과진피 코다리조림,조림장,생강,2,g,1/2작은술,90
1052,사과진피 코다리조림,조림장,실고추,0.4,g,,90
1053,사과진피 코다리조림,조림장,마늘,2,g,1/2쪽,90
1054,사과진피 코다리조림,조림장,통후추,2,g,1/2작은술,90
1055,사과진피 코다리조림,장식,풋고추,2,g,1/5개,90
1056,사과진피 코다리조림,장식,홍고추,2,g,1/5개,90
1057,유자 대구조림,주재료,대구살,120,g,,91
1058,유자 대구조림,주재료,홍파프리카,10,g,1/10개,91
1059,유자 대구조림,주재료,황파프리카,10,g,1/10개,91
1060,유자 대구조림,주재료,청파프리카,10,g,1/10개,91
1061,유자 대구조림,주재료,황금팽이버섯,10,g,,91
1062,유자 대구조림,주재료,미나리,20,g,,91
1063,유자 대구조림,소스,유자청,20,g,1⅓큰술,91
1064,유자 대구조림,소스,발사믹식초,10,g,2작은술,91
1065,유자 대구조림,장식,대파,30,g,1개,91
1066,파프리카 물김치,주재료,자색고구마,10,g,3cm,92
1067,파프리카 물김치,주재료,무,10,g,2cm,92
1068,파프리카 물김치,주재료,배,80,g,1/4개,92
1069,파프리카 물김치,주재료,배추,200,g,1/3개,92
1070,파프리카 물김치,주재료,부추,10,g,,92
1071,파프리카 물김치,주재료,사과,80,g,1/3개,92
1072,파프리카 물김치,주재료,쪽파,10,g,10cm,92
1073,파프리카 물김치,양념,멥쌀,10,g,2작은술,92
1074,파프리카 물김치,양념,물엿,50,g,1/4컵,92
1075,파프리카 물김치,양념,황파프리카,140,g,1½개,92
1076,고추장 라따뚜이,주재료,애호박,70,g,1½개,93
1077,고추장 라따뚜이,주재료,양송이버섯,60,g,3개,93
1078,고추장 라따뚜이,주재료,가지,70,g,1/2개,93
1079,고추장 라따뚜이,주재료,저염살라미,25,g,,93
1080,고추장 라따뚜이,주재료,사과,60,g,1/3개,93
1081,고추장 라따뚜이,소스,양파,40,g,1/5개,93
1082,고추장 라따뚜이,소스,마늘,10,g,2개,93
1083,고추장 라따뚜이,소스,토마토,600,g,3개,93
1084,고추장 라따뚜이,소스,설탕,10,g,2작은술,93
1085,고추장 라따뚜이,소스,바질,50,g,,93
1086,고추장 라따뚜이,소스,고추장,15,g,1큰술,93
1087,깻잎 두부 참치 말이,주재료,깻잎,5,g,2장,94
1088,깻잎 두부 참치 말이,주재료,두부,100,g,1/3개,94
1089,깻잎 두부 참치 말이,주재료,다진 마늘,2,g,1/2작은술,94
1090,깻잎 두부 참치 말이,주재료,다진 양파,5,g,1/2작은술,94
1091,깻잎 두부 참치 말이,주재료,쪽파,2,g,,94
1092,깻잎 두부 참치 말이,주재료,홍파프리카,2,g,1/30개,94
1093,깻잎 두부 참치 말이,주재료,황파프리카,2,g,1/30개,94
1094,깻잎 두부 참치 말이,주재료,애호박,10,g,1/10개,94
1095,깻잎 두부 참치 말이,주재료,참치 통조림,70,g,,94
1096,깻잎 두부 참치 말이,소스,고추장,5,g,1작은술,94
1097,깻잎 두부 참치 말이,소스,포도 통조림,5,g,,94
1098,깻잎 두부 참치 말이,소스,매실액,5,g,1/2작은술,94
1099,깻잎 두부 참치 말이,소스,물엿,5,g,1/2작은술,94
1100,깻잎 두부 참치 말이,소스,사과식초,5,g,1/2작은술,94
1101,깻잎 두부 참치 말이,소스,유자액,5,g,1작은술,94
1102,감자전  피자,주재료,감자,50,g,1/3개,95
1103,감자전  피자,주재료,부추,10,g,,95
1104,감자전  피자,주재료,파인애플,100,g,,95
1105,감자전  피자,주재료,파프리카,20,g,1/4개,95
1106,감자전  피자,주재료,피자치즈,30,g,1/10컵,95
1107,감자전  피자,무염치즈,우유,200,g,1컵,95
1108,감자전  피자,무염치즈,식초,30,g,2큰술,95
1109,감자전  피자,소스,마늘,10,g,2개,95
1110,감자전  피자,소스,양파,30,g,1/5개,95
1111,감자전  피자,소스,토마토,20,g,1/10개,95
1112,감자전  피자,소스,식용유,5,g,1작은술,95
1113,치킨 화이타,주재료,닭 가슴살,100,g,,96
1114,치킨 화이타,주재료,밀가루(중력분),60,g,1/4컵,96
1115,치킨 화이타,주재료,무염버터,15,g,1큰술,96
1116,치킨 화이타,주재료,식용유,15,g,1큰술,96
1117,치킨 화이타,주재료,피망,20,g,1/10개,96
1118,치킨 화이타,주재료, 황파프리카,20,g,1/10개,96
1119,치킨 화이타,주재료,다진 마늘,5,g,1작은술,96
1120,치킨 화이타,주재료,고춧가루,5,g,1작은술,96
1121,치킨 화이타,주재료,후춧가루,3,g,1/2작은술,96
1122,치킨 화이타,자몽소스,자몽,40,g,1/4개,96
1123,치킨 화이타,토마토 살사,소스 다진 양파,15,g,1큰술,96
1124,치킨 화이타,토마토 살사,토마토,40,g,1/5개,96
1125,치킨 화이타,토마토 살사,올리브오일,20,g,4작은술,96
1126,치킨 화이타,토마토 살사,겨자가루,30,g,2큰술,96
1127,치킨 화이타,토마토 살사,식초,5,g,1작은술,96
1128,치킨 화이타,토마토 살사,꿀,60,g,2큰술,96
1129,치킨 화이타,토마토 살사,다진 고추,5,g,1작은술,96
1130,치킨 화이타,토마토 살사,레몬즙,10,g,2작은술,96
1131,치킨 화이타,토마토 살사,유자청,5,g,1작은술,96
1132,단호박 닭고기 들깨탕,주재료,닭 가슴살,120,g,,97
1133,단호박 닭고기 들깨탕,주재료,시금치,5,g,1잎,97
1134,단호박 닭고기 들깨탕,주재료,다진 마늘,5,g,1작은술,97
1135,단호박 닭고기 들깨탕,주재료,다진 생강,5,g,1작은술,97
1136,단호박 닭고기 들깨탕,주재료,다진 양파,20,g,4작은술,97
1137,단호박 닭고기 들깨탕,주재료,무,30,g,1/20개,97
1138,단호박 닭고기 들깨탕,주재료,고구마,30,g,1/3개,97
1139,단호박 닭고기 들깨탕,주재료,우유,100,g,1/2컵,97
1140,단호박 닭고기 들깨탕,소스,백미,30,g,,97
1141,단호박 닭고기 들깨탕,소스,현미,30,g,,97
1142,단호박 닭고기 들깨탕,소스,조,15,g,,97
1143,단호박 닭고기 들깨탕,소스,닭육수,100,g,1/2컵,97
1144,단호박 닭고기 들깨탕,소스,들깨가루,15,g,1큰술,97
1145,단호박 닭고기 들깨탕,소스,단호박,20,g,1/20개,97
1146,단호박 닭고기 들깨탕,소스,두부,15,g,1/4모,97
1147,아보카도샐러드 & 병아리콩 그라탕,병아리콩 그라탕,감자,50,g,1/3개,98
1148,아보카도샐러드 & 병아리콩 그라탕,병아리콩 그라탕,우유,20,g,4작은술,98
1149,아보카도샐러드 & 병아리콩 그라탕,병아리콩 그라탕,병아리콩,50,g,3큰술,98
1150,아보카도샐러드 & 병아리콩 그라탕,고추장소스,유자청,25,g,5작은술,98
1151,아보카도샐러드 & 병아리콩 그라탕,아보카도샐러드,아보카도,40,g,1/4개,98
1152,아보카도샐러드 & 병아리콩 그라탕,아보카도샐러드,토마토,40,g,1/5개,98
1153,아보카도샐러드 & 병아리콩 그라탕,아보카도샐러드,바질,5,g,,98
1154,두부김치버거,주재료,두부,40,g,1/7개,99
1155,두부김치버거,주재료,식용유,10,g,2작은술,99
1156,두부김치버거,김치,무,30,g,1/20개,99
1157,두부김치버거,김치,배,100,g,1/3개,99
1158,두부김치버거,김치,배추(작은 것),70,g,1/10개,99
1159,두부김치버거,김치,부추,50,g,,99
1160,두부김치버거,김치,사과,100,g,1/2개,99
1161,두부김치버거,김치,천일염,80,g,,99
1162,두부김치버거,김치,양파(껍질포함),70,g,1/2개,99
1163,두부김치버거,김치,고춧가루,50,g,1/4컵,99
1164,두부김치버거,김치,물,80,g,1/3컵,99
1165,두부김치버거,소스,된장,15,g,1큰술,99
1166,두부김치버거,소스,우유,45,g,3큰술,99
1167,삼합 말이,주재료,조개 관자,90,g,1½개,100
1168,삼합 말이,주재료,가지,30,g,1/3개,100
1169,삼합 말이,주재료,달걀(흰자),40,g,,100
1170,삼합 말이,주재료,밀가루,60,g,4큰술,100
1171,삼합 말이,주재료,소고기 등심,90,g,,100
1172,삼합 말이,주재료,팽이버섯,15,g,,100
1173,삼합 말이,주재료,홍파프리카,25,g,1/3개,100
1174,삼합 말이,주재료,쥬키니호박,95,g,1개,100
1175,삼합 말이,주재료,치자,5,g,,100
1176,삼합 말이,주재료,당근,20,g,1/5개,100
1177,삼합 말이,주재료,부추,10,g,,100
1178,삼합 말이,소스,오미자청,30,g,2큰술,100
1179,삼합 말이,소스,꿀,5,g,1작은술,100
1180,민들레 샐러드,주재료,민들레 잎,40,g,,101
1181,민들레 샐러드,주재료,비트,5,g,1작은술,101
1182,민들레 샐러드,주재료,오렌지(껍질),40,g,1/5개,101
1183,민들레 샐러드,드레싱,간장,20,g,1⅓큰술,101
1184,민들레 샐러드,드레싱,다진 홍고추,10,g,1개,101
1185,민들레 샐러드,드레싱,레몬즙,60,g,4큰술,101
1186,민들레 샐러드,드레싱,설탕,6,g,1작은술,101
1187,토마토 가지 카프레제,주재료,가지,100,g,1개,102
1188,토마토 가지 카프레제,주재료,토마토,200,g,1½개,102
1189,토마토 가지 카프레제,주재료,무순,20,g,,102
1190,토마토 가지 카프레제,주재료,마늘,10,g,2개,102
1191,토마토 가지 카프레제,드레싱,올리브오일,25,g,2큰술,102
1192,토마토 가지 카프레제,드레싱,발사믹식초,60,g,4큰술,102
1193,토마토 가지 카프레제,드레싱,후춧가루,2,g,1/2작은술,102
1194,버섯샐러드,주재료,느타리버섯,50,g,10개,103
1195,버섯샐러드,주재료,표고버섯,50,g,3개,103
1196,버섯샐러드,소스,양조간장,2,g,1/2작은술,103
1197,버섯샐러드,소스,설탕,5,g,1작은술,103
1198,버섯샐러드,소스,식초,2,g,1/2작은술,103
1199,버섯샐러드,장식,방울토마토,24,g,3개,103
